-- MySQL dump 10.13  Distrib 5.7.11, for osx10.11 (x86_64)
--
-- Host: localhost    Database: trace
-- ------------------------------------------------------
-- Server version	5.7.11

/*!40101 SET @OLD_CHARACTER_SET_CLIENT=@@CHARACTER_SET_CLIENT */;
/*!40101 SET @OLD_CHARACTER_SET_RESULTS=@@CHARACTER_SET_RESULTS */;
/*!40101 SET @OLD_COLLATION_CONNECTION=@@COLLATION_CONNECTION */;
/*!40101 SET NAMES utf8 */;
/*!40103 SET @OLD_TIME_ZONE=@@TIME_ZONE */;
/*!40103 SET TIME_ZONE='+00:00' */;
/*!40014 SET @OLD_UNIQUE_CHECKS=@@UNIQUE_CHECKS, UNIQUE_CHECKS=0 */;
/*!40014 SET @OLD_FOREIGN_KEY_CHECKS=@@FOREIGN_KEY_CHECKS, FOREIGN_KEY_CHECKS=0 */;
/*!40101 SET @OLD_SQL_MODE=@@SQL_MODE, SQL_MODE='NO_AUTO_VALUE_ON_ZERO' */;
/*!40111 SET @OLD_SQL_NOTES=@@SQL_NOTES, SQL_NOTES=0 */;

--
-- Current Database: `trace`
--

CREATE DATABASE /*!32312 IF NOT EXISTS*/ `trace` /*!40100 DEFAULT CHARACTER SET utf8 COLLATE utf8_unicode_ci */;

USE `trace`;

--
-- Table structure for table `ListView`
--

DROP TABLE IF EXISTS `ListView`;
/*!40101 SET @saved_cs_client     = @@character_set_client */;
/*!40101 SET character_set_client = utf8 */;
CREATE TABLE `ListView` (
  `id` varchar(128) COLLATE utf8_unicode_ci NOT NULL,
  `entityName` varchar(128) COLLATE utf8_unicode_ci DEFAULT NULL,
  `title` varchar(32) COLLATE utf8_unicode_ci DEFAULT NULL,
  `listable` bit(1) DEFAULT NULL,
  `searchable` bit(1) DEFAULT NULL,
  `updateable` bit(1) DEFAULT NULL,
  `insertable` bit(1) DEFAULT NULL,
  `name` varchar(32) COLLATE utf8_unicode_ci DEFAULT NULL,
  `rules` longtext COLLATE utf8_unicode_ci,
  `itemType` varchar(32) COLLATE utf8_unicode_ci DEFAULT NULL,
  `refType` varchar(32) COLLATE utf8_unicode_ci DEFAULT NULL,
  `itemValue` longtext COLLATE utf8_unicode_ci,
  PRIMARY KEY (`id`)
) ENGINE=InnoDB DEFAULT CHARSET=utf8 COLLATE=utf8_unicode_ci;
/*!40101 SET character_set_client = @saved_cs_client */;

--
-- Dumping data for table `ListView`
--

LOCK TABLES `ListView` WRITE;
/*!40000 ALTER TABLE `ListView` DISABLE KEYS */;
INSERT INTO `ListView` VALUES ('ff8080815f296b01015f296b234a0000','org.food.safety.trace.entity.Menu','组织','','\0','\0','','organization','{\"required\":true}','Select','Organization','combobox'),('ff8080815f296b01015f296b236d0001','org.food.safety.trace.entity.Menu','名称','','','\0','','name','{\"required\":true}','Input',NULL,NULL),('ff8080815f296b01015f296b236e0002','org.food.safety.trace.entity.Menu','图标','','\0','\0','','icon','{\"required\":true}','Input',NULL,NULL),('ff8080815f296b01015f296b236f0003','org.food.safety.trace.entity.Menu','路由','','\0','\0','','route','{\"required\":false}','Input',NULL,NULL),('ff8080815f296b01015f296b23700004','org.food.safety.trace.entity.Menu','父级菜单','','\0','\0','','mpid','{\"required\":false}','Select','Menu','combobox'),('ff8080815f296b01015f296b23710005','org.food.safety.trace.entity.Menu','创建时间','\0','\0','\0','\0','createTime','{}','DatePicker',NULL,'yyyy-MM-dd HH:mm:ss'),('ff8080815f296b01015f296b23730006','org.food.safety.trace.entity.business.Dealer','组织','','\0','\0','','organization','{\"required\":true}','Select','Organization','combobox'),('ff8080815f296b01015f296b23740007','org.food.safety.trace.entity.business.Dealer','编号','','','\0','\0','code','{\"required\":false}',NULL,NULL,NULL),('ff8080815f296b01015f296b23750008','org.food.safety.trace.entity.business.Dealer','类型','\0','\0','\0','','companyType','{\"required\":false}','Select','static','[{\"label\":\"代理商\", \"key\":1},{\"label\":\"生产商\", \"key\":2},{\"label\":\"代理和生产\", \"key\":3}]'),('ff8080815f296b01015f296b23750009','org.food.safety.trace.entity.business.Dealer','名称','','','\0','','name','{\"required\":true}','Input',NULL,NULL),('ff8080815f296b01015f296b2376000a','org.food.safety.trace.entity.business.Dealer','联系人','','','\0','','contractMan','{\"required\":true}','Input',NULL,NULL),('ff8080815f296b01015f296b2377000b','org.food.safety.trace.entity.business.Dealer','手机','','','\0','','mobilePhone','{\"pattern\":\"\\/^1[34578]\\\\d{9}$\\/\",\"message\":\"无效手机号码!\",\"required\":false}','Input',NULL,NULL),('ff8080815f296b01015f296b2378000c','org.food.safety.trace.entity.business.Dealer','电话','','','\0','','telPhone','{\"required\":false}','Input',NULL,NULL),('ff8080815f296b01015f296b237d000d','org.food.safety.trace.entity.business.Dealer','备注','','','\0','','remark','{\"required\":false}','TextArea',NULL,NULL),('ff8080815f296b01015f296b2381000e','org.food.safety.trace.entity.business.Dealer','邮件','\0','\0','\0','\0','email','{}',NULL,NULL,NULL),('ff8080815f296b01015f296b2386000f','org.food.safety.trace.entity.business.Dealer','地址','\0','\0','\0','\0','dealerAddress','{}',NULL,NULL,NULL),('ff8080815f296b01015f296b238d0010','org.food.safety.trace.entity.business.Dealer','传真','\0','\0','\0','\0','fax','{}',NULL,NULL,NULL),('ff8080815f296b01015f296b238e0011','org.food.safety.trace.entity.business.Dealer','网址','\0','\0','\0','\0','website','{}',NULL,NULL,NULL),('ff8080815f296b01015f296b238e0012','org.food.safety.trace.entity.business.Dealer','税号','\0','\0','\0','\0','taxNo','{}',NULL,NULL,NULL),('ff8080815f296b01015f296b238f0013','org.food.safety.trace.entity.business.Dealer','开户行','\0','\0','\0','\0','bankName','{}',NULL,NULL,NULL),('ff8080815f296b01015f296b23900014','org.food.safety.trace.entity.business.Dealer','账号名称','\0','\0','\0','\0','dealerBankName','{}',NULL,NULL,NULL),('ff8080815f296b01015f296b23900015','org.food.safety.trace.entity.business.Dealer','账号','\0','\0','\0','\0','accountNo','{}',NULL,NULL,NULL),('ff8080815f296b01015f296b23910016','org.food.safety.trace.entity.business.Dealer','创建时间','\0','\0','\0','\0','createDate','{}','DatePicker',NULL,'yyyy-MM-dd HH:mm:ss'),('ff8080815f296b01015f296b23920017','org.food.safety.trace.entity.business.Dealer','创建人','\0','\0','\0','\0','createUserId','{}',NULL,NULL,NULL),('ff8080815f296b01015f296b23920018','org.food.safety.trace.entity.business.Dealer','更新时间','\0','\0','\0','\0','updateDate','{}','DatePicker',NULL,'yyyy-MM-dd HH:mm:ss'),('ff8080815f296b01015f296b23930019','org.food.safety.trace.entity.business.Dealer','更新人','\0','\0','\0','\0','updateUserId','{}',NULL,NULL,NULL),('ff8080815f296b01015f296b2395001a','org.food.safety.trace.entity.business.Dealer','状态','\0','\0','\0','\0','status','{}',NULL,NULL,NULL),('ff8080815f296b01015f296b2398001b','org.food.safety.trace.entity.ListView','实体名称','\0','\0','\0','','entityName','{}',NULL,NULL,NULL),('ff8080815f296b01015f296b2399001c','org.food.safety.trace.entity.ListView','标题','\0','\0','\0','','title','{}',NULL,NULL,NULL),('ff8080815f296b01015f296b2399001d','org.food.safety.trace.entity.ListView','是否显示到列表','\0','\0','\0','','listable','{}',NULL,NULL,NULL),('ff8080815f296b01015f296b239a001e','org.food.safety.trace.entity.ListView','是否支持搜索','\0','\0','\0','','searchable','{}',NULL,NULL,NULL),('ff8080815f296b01015f296b239c001f','org.food.safety.trace.entity.ListView','是否修改','\0','\0','\0','','updateable','{}',NULL,NULL,NULL),('ff8080815f296b01015f296b239c0020','org.food.safety.trace.entity.ListView','是否添加','\0','\0','\0','','insertable','{}',NULL,NULL,NULL),('ff8080815f296b01015f296b239d0021','org.food.safety.trace.entity.ListView','列名','\0','\0','\0','','name','{}',NULL,NULL,NULL),('ff8080815f296b01015f296b239d0022','org.food.safety.trace.entity.ListView','规则','\0','\0','\0','','rules','{}',NULL,NULL,NULL),('ff8080815f296b01015f296b239e0023','org.food.safety.trace.entity.ListView','渲染元素类型','\0','\0','\0','','itemType','{}',NULL,NULL,NULL),('ff8080815f296b01015f296b239e0024','org.food.safety.trace.entity.ListView','引用数据类型','\0','\0','\0','','refType','{}',NULL,NULL,NULL),('ff8080815f296b01015f296b239f0025','org.food.safety.trace.entity.ListView','备选数据','\0','\0','\0','','itemValue','{}',NULL,NULL,NULL),('ff8080815f296b01015f296b23a00026','org.food.safety.trace.entity.Reference','目标对象','','','\0','','targetName','{\"required\":true}','Input',NULL,NULL),('ff8080815f296b01015f296b23a00027','org.food.safety.trace.entity.Reference','目标','','','\0','','targetId','{\"required\":true}','Input',NULL,NULL),('ff8080815f296b01015f296b23a10028','org.food.safety.trace.entity.Reference','源对象','','','\0','','sourceName','{\"required\":true}','Input',NULL,NULL),('ff8080815f296b01015f296b23a10029','org.food.safety.trace.entity.Reference','源','','','\0','','sourceId','{\"required\":true}','Input',NULL,NULL),('ff8080815f296b01015f296b23a2002a','org.food.safety.trace.entity.business.Warehouse','组织','','\0','\0','','organization','{\"required\":true}','Select','Organization','combobox'),('ff8080815f296b01015f296b23a3002b','org.food.safety.trace.entity.business.Warehouse','编号','','','\0','\0','code','{\"required\":false}',NULL,NULL,NULL),('ff8080815f296b01015f296b23a3002c','org.food.safety.trace.entity.business.Warehouse','名称','','','\0','','name','{\"required\":true}','Input',NULL,NULL),('ff8080815f296b01015f296b23a4002d','org.food.safety.trace.entity.business.Warehouse','药库','','\0','\0','','drugStore','{\"type\":\"boolean\",\"required\":true}','Radio',NULL,'[{\"text\":\"是\", \"val\":true},{\"text\":\"否\", \"val\":false}]'),('ff8080815f296b01015f296b23a4002e','org.food.safety.trace.entity.business.Warehouse','销售','','\0','\0','','sellStore','{\"type\":\"boolean\",\"required\":true}','Radio',NULL,'[{\"text\":\"是\", \"val\":true},{\"text\":\"否\", \"val\":false}]'),('ff8080815f296b01015f296b23a5002f','org.food.safety.trace.entity.business.Warehouse','备注','\0','','\0','','remark','{\"required\":false}','TextArea',NULL,NULL),('ff8080815f296b01015f296b23a60030','org.food.safety.trace.entity.business.Warehouse','创建时间','\0','\0','\0','\0','createDate','{}','DatePicker',NULL,'yyyy-MM-dd HH:mm:ss'),('ff8080815f296b01015f296b23a60031','org.food.safety.trace.entity.business.Warehouse','创建人','\0','\0','\0','\0','createUserId','{}',NULL,NULL,NULL),('ff8080815f296b01015f296b23a70032','org.food.safety.trace.entity.business.Warehouse','更新时间','\0','\0','\0','\0','updateDate','{}','DatePicker',NULL,'yyyy-MM-dd HH:mm:ss'),('ff8080815f296b01015f296b23a70033','org.food.safety.trace.entity.business.Warehouse','更新人','\0','\0','\0','\0','updateUserId','{}',NULL,NULL,NULL),('ff8080815f296b01015f296b23a80034','org.food.safety.trace.entity.business.Warehouse','状态','\0','\0','\0','\0','status','{}',NULL,NULL,NULL),('ff8080815f296b01015f296b23a80035','org.food.safety.trace.entity.business.BusinesCate','组织','','\0','\0','','organization','{\"required\":true}','Select','Organization','combobox'),('ff8080815f296b01015f296b23a90036','org.food.safety.trace.entity.business.BusinesCate','名称','','','\0','','name','{\"required\":true}','Input',NULL,NULL),('ff8080815f296b01015f296b23a90037','org.food.safety.trace.entity.business.BusinesCate','创建时间','\0','\0','\0','\0','createDate','{}','DatePicker',NULL,'yyyy-MM-dd HH:mm:ss'),('ff8080815f296b01015f296b23aa0038','org.food.safety.trace.entity.business.BusinesCate','创建人','\0','\0','\0','\0','createUserId','{}',NULL,NULL,NULL),('ff8080815f296b01015f296b23aa0039','org.food.safety.trace.entity.business.BusinesCate','更新时间','\0','\0','\0','\0','updateDate','{}','DatePicker',NULL,'yyyy-MM-dd HH:mm:ss'),('ff8080815f296b01015f296b23ab003a','org.food.safety.trace.entity.business.BusinesCate','更新人','\0','\0','\0','\0','updateUserId','{}',NULL,NULL,NULL),('ff8080815f296b01015f296b23ab003b','org.food.safety.trace.entity.business.BusinesCate','状态','\0','\0','\0','\0','status','{}',NULL,NULL,NULL),('ff8080815f296b01015f296b23ac003c','org.food.safety.trace.entity.business.ItemCate','组织','','\0','\0','','organization','{\"required\":true}','Select','Organization','combobox'),('ff8080815f296b01015f296b23ac003d','org.food.safety.trace.entity.business.ItemCate','编号','','','\0','\0','code','{\"required\":false}',NULL,NULL,NULL),('ff8080815f296b01015f296b23ad003e','org.food.safety.trace.entity.business.ItemCate','上级类别','\0','\0','\0','\0','parentId','{}',NULL,NULL,NULL),('ff8080815f296b01015f296b23ad003f','org.food.safety.trace.entity.business.ItemCate','名称','','','\0','','name','{\"required\":true}','Input',NULL,NULL),('ff8080815f296b01015f296b23ae0040','org.food.safety.trace.entity.business.ItemCate','业务类别','','\0','\0','','busiTypeId','{\"required\":false}','Select','BusinesCate','combobox'),('ff8080815f296b01015f296b23ae0041','org.food.safety.trace.entity.business.ItemCate','零售预期毛利','\0','\0','\0','\0','singleProfit','{}',NULL,NULL,NULL),('ff8080815f296b01015f296b23af0042','org.food.safety.trace.entity.business.ItemCate','创建时间','\0','\0','\0','\0','createDate','{}','DatePicker',NULL,'yyyy-MM-dd HH:mm:ss'),('ff8080815f296b01015f296b23af0043','org.food.safety.trace.entity.business.ItemCate','创建人','\0','\0','\0','\0','createUserId','{}',NULL,NULL,NULL),('ff8080815f296b01015f296b23af0044','org.food.safety.trace.entity.business.ItemCate','更新时间','\0','\0','\0','\0','updateDate','{}','DatePicker',NULL,'yyyy-MM-dd HH:mm:ss'),('ff8080815f296b01015f296b23b00045','org.food.safety.trace.entity.business.ItemCate','更新人','\0','\0','\0','\0','updateUserId','{}',NULL,NULL,NULL),('ff8080815f296b01015f296b23b00046','org.food.safety.trace.entity.business.ItemCate','状态','\0','\0','\0','\0','status','{}',NULL,NULL,NULL),('ff8080815f296b01015f296b23b10047','org.food.safety.trace.entity.business.UserDictDetail','组织','','\0','\0','','organization','{\"required\":true}','Select','Organization','combobox'),('ff8080815f296b01015f296b23b10048','org.food.safety.trace.entity.business.UserDictDetail','字典类别','','\0','\0','','dictTypeId','{\"required\":false}','Select','UserDict','combobox'),('ff8080815f296b01015f296b23b20049','org.food.safety.trace.entity.business.UserDictDetail','编号','','','\0','\0','code','{\"required\":false}',NULL,NULL,NULL),('ff8080815f296b01015f296b23b2004a','org.food.safety.trace.entity.business.UserDictDetail','名称','','','\0','','name','{\"required\":true}','Input',NULL,NULL),('ff8080815f296b01015f296b23b3004b','org.food.safety.trace.entity.business.UserDictDetail','名称(英文)','\0','','\0','','nameEn','{\"required\":false}','Input',NULL,NULL),('ff8080815f296b01015f296b23b4004c','org.food.safety.trace.entity.business.UserDictDetail','备注','\0','','\0','','comments','{\"required\":false}','Input',NULL,NULL),('ff8080815f296b01015f296b23b4004d','org.food.safety.trace.entity.business.UserDictDetail','排序','\0','\0','\0','\0','sort','{}',NULL,NULL,NULL),('ff8080815f296b01015f296b23b4004e','org.food.safety.trace.entity.business.UserDictDetail','创建时间','\0','\0','\0','\0','createDate','{}','DatePicker',NULL,'yyyy-MM-dd HH:mm:ss'),('ff8080815f296b01015f296b23b5004f','org.food.safety.trace.entity.business.UserDictDetail','创建人','\0','\0','\0','\0','createUserId','{}',NULL,NULL,NULL),('ff8080815f296b01015f296b23b70050','org.food.safety.trace.entity.business.UserDictDetail','更新时间','\0','\0','\0','\0','updateDate','{}','DatePicker',NULL,'yyyy-MM-dd HH:mm:ss'),('ff8080815f296b01015f296b23b90051','org.food.safety.trace.entity.business.UserDictDetail','更新人','\0','\0','\0','\0','updateUserId','{}',NULL,NULL,NULL),('ff8080815f296b01015f296b23ba0052','org.food.safety.trace.entity.business.UserDictDetail','状态','\0','\0','\0','\0','status','{}',NULL,NULL,NULL),('ff8080815f296b01015f296b23bb0053','org.food.safety.trace.entity.Role','组织','','\0','\0','','organization','{\"required\":true}','Select','Organization','combobox'),('ff8080815f296b01015f296b23bb0054','org.food.safety.trace.entity.Role','名称','','','\0','','name','{\"required\":true}','Input',NULL,NULL),('ff8080815f296b01015f296b23bc0055','org.food.safety.trace.entity.Role','菜单','','\0','\0','','menus','{\"required\":true}','Select','Menu','multiple'),('ff8080815f296b01015f296b23bc0056','org.food.safety.trace.entity.Role','创建时间','\0','\0','\0','\0','createTime','{}','DatePicker',NULL,'yyyy-MM-dd HH:mm:ss'),('ff8080815f296b01015f296b23bd0057','org.food.safety.trace.entity.Organization','组织','','\0','\0','\0','organization','{\"required\":true}','Select','Organization','combobox'),('ff8080815f296b01015f296b23bd0058','org.food.safety.trace.entity.Organization','名称','','','\0','','name','{\"required\":true}','Input',NULL,NULL),('ff8080815f296b01015f296b23be0059','org.food.safety.trace.entity.Organization','创建时间','\0','\0','\0','\0','createTime','{}','DatePicker',NULL,'yyyy-MM-dd HH:mm:ss'),('ff8080815f296b01015f296b23be005a','org.food.safety.trace.entity.business.GestLevel','组织','','\0','\0','','organization','{\"required\":true}','Select','Organization','combobox'),('ff8080815f296b01015f296b23bf005b','org.food.safety.trace.entity.business.GestLevel','编号','','','\0','\0','code','{\"required\":false}',NULL,NULL,NULL),('ff8080815f296b01015f296b23bf005c','org.food.safety.trace.entity.business.GestLevel','名称','','','\0','','name','{\"required\":true}','Input',NULL,NULL),('ff8080815f296b01015f296b23c0005d','org.food.safety.trace.entity.business.GestLevel','可积分','\0','\0','\0','\0','isCredit','{\"type\":\"boolean\",\"required\":true}','Radio',NULL,'[{\"text\":\"是\", \"val\":true},{\"text\":\"否\", \"val\":false}]'),('ff8080815f296b01015f296b23c0005e','org.food.safety.trace.entity.business.GestLevel','可折扣','\0','\0','\0','\0','isDiscount','{\"type\":\"boolean\",\"required\":true}','Radio',NULL,'[{\"text\":\"是\", \"val\":true},{\"text\":\"否\", \"val\":false}]'),('ff8080815f296b01015f296b23c1005f','org.food.safety.trace.entity.business.GestLevel','折扣','\0','','\0','','discountRate','{\"required\":false}','Number',NULL,NULL),('ff8080815f296b01015f296b23c20060','org.food.safety.trace.entity.business.GestLevel','备注','\0','','\0','','remark','{\"required\":false}','Input',NULL,NULL),('ff8080815f296b01015f296b23c40061','org.food.safety.trace.entity.business.GestLevel','创建时间','\0','\0','\0','\0','createDate','{}','DatePicker',NULL,'yyyy-MM-dd HH:mm:ss'),('ff8080815f296b01015f296b23c60062','org.food.safety.trace.entity.business.GestLevel','创建人','\0','\0','\0','\0','createUserId','{}',NULL,NULL,NULL),('ff8080815f296b01015f296b23c80063','org.food.safety.trace.entity.business.GestLevel','更新时间','\0','\0','\0','\0','updateDate','{}','DatePicker',NULL,'yyyy-MM-dd HH:mm:ss'),('ff8080815f296b01015f296b23ca0064','org.food.safety.trace.entity.business.GestLevel','更新人','\0','\0','\0','\0','updateUserId','{}',NULL,NULL,NULL),('ff8080815f296b01015f296b23cb0065','org.food.safety.trace.entity.business.GestLevel','状态','\0','\0','\0','\0','status','{}',NULL,NULL,NULL),('ff8080815f296b01015f296b23cb0066','org.food.safety.trace.entity.business.DictType','组织','','\0','\0','','organization','{\"required\":true}','Select','Organization','combobox'),('ff8080815f296b01015f296b23cc0067','org.food.safety.trace.entity.business.DictType','名称','','','\0','','name','{\"required\":true}','Input',NULL,NULL),('ff8080815f296b01015f296b23cd0068','org.food.safety.trace.entity.business.DictType','创建时间','\0','\0','\0','\0','createDate','{}','DatePicker',NULL,'yyyy-MM-dd HH:mm:ss'),('ff8080815f296b01015f296b23cd0069','org.food.safety.trace.entity.business.DictType','创建人','\0','\0','\0','\0','createUserId','{}',NULL,NULL,NULL),('ff8080815f296b01015f296b23ce006a','org.food.safety.trace.entity.business.DictType','更新时间','\0','\0','\0','\0','updateDate','{}','DatePicker',NULL,'yyyy-MM-dd HH:mm:ss'),('ff8080815f296b01015f296b23ce006b','org.food.safety.trace.entity.business.DictType','更新人','\0','\0','\0','\0','updateUserId','{}',NULL,NULL,NULL),('ff8080815f296b01015f296b23cf006c','org.food.safety.trace.entity.business.DictType','状态','\0','\0','\0','\0','status','{}',NULL,NULL,NULL),('ff8080815f296b01015f296b23cf006d','org.food.safety.trace.entity.business.DictTypeDetail','组织','','\0','\0','','organization','{\"required\":true}','Select','Organization','combobox'),('ff8080815f296b01015f296b23d0006e','org.food.safety.trace.entity.business.DictTypeDetail','字典类别','','\0','\0','','dictTypeId','{\"required\":false}','Select','DictType','combobox'),('ff8080815f296b01015f296b23d0006f','org.food.safety.trace.entity.business.DictTypeDetail','编号','','','\0','\0','code','{\"required\":false}',NULL,NULL,NULL),('ff8080815f296b01015f296b23d00070','org.food.safety.trace.entity.business.DictTypeDetail','名称','','','\0','','name','{\"required\":true}','Input',NULL,NULL),('ff8080815f296b01015f296b23d10071','org.food.safety.trace.entity.business.DictTypeDetail','名称(英文)','\0','','\0','','nameEn','{\"required\":false}','Input',NULL,NULL),('ff8080815f296b01015f296b23d20072','org.food.safety.trace.entity.business.DictTypeDetail','备注','\0','','\0','','comments','{\"required\":false}','Input',NULL,NULL),('ff8080815f296b01015f296b23d20073','org.food.safety.trace.entity.business.DictTypeDetail','创建时间','\0','\0','\0','\0','createDate','{}','DatePicker',NULL,'yyyy-MM-dd HH:mm:ss'),('ff8080815f296b01015f296b23d30074','org.food.safety.trace.entity.business.DictTypeDetail','创建人','\0','\0','\0','\0','createUserId','{}',NULL,NULL,NULL),('ff8080815f296b01015f296b23d30075','org.food.safety.trace.entity.business.DictTypeDetail','更新时间','\0','\0','\0','\0','updateDate','{}','DatePicker',NULL,'yyyy-MM-dd HH:mm:ss'),('ff8080815f296b01015f296b23d40076','org.food.safety.trace.entity.business.DictTypeDetail','更新人','\0','\0','\0','\0','updateUserId','{}',NULL,NULL,NULL),('ff8080815f296b01015f296b23d50077','org.food.safety.trace.entity.business.DictTypeDetail','状态','\0','\0','\0','\0','status','{}',NULL,NULL,NULL),('ff8080815f296b01015f296b23d50078','org.food.safety.trace.entity.business.PetRace','组织','','\0','\0','','organization','{\"required\":true}','Select','Organization','combobox'),('ff8080815f296b01015f296b23d50079','org.food.safety.trace.entity.business.PetRace','名称','','','\0','','name','{\"required\":true}','Input',NULL,NULL),('ff8080815f296b01015f296b23d6007a','org.food.safety.trace.entity.business.PetRace','创建时间','\0','\0','\0','\0','createDate','{}','DatePicker',NULL,'yyyy-MM-dd HH:mm:ss'),('ff8080815f296b01015f296b23d6007b','org.food.safety.trace.entity.business.PetRace','创建人','\0','\0','\0','\0','createUserId','{}',NULL,NULL,NULL),('ff8080815f296b01015f296b23d7007c','org.food.safety.trace.entity.business.PetRace','更新时间','\0','\0','\0','\0','updateDate','{}','DatePicker',NULL,'yyyy-MM-dd HH:mm:ss'),('ff8080815f296b01015f296b23d7007d','org.food.safety.trace.entity.business.PetRace','更新人','\0','\0','\0','\0','updateUserId','{}',NULL,NULL,NULL),('ff8080815f296b01015f296b23d8007e','org.food.safety.trace.entity.business.PetRace','状态','\0','\0','\0','\0','status','{}',NULL,NULL,NULL),('ff8080815f296b01015f296b23da007f','org.food.safety.trace.entity.business.PetRaceSmall','组织','','\0','\0','','organization','{\"required\":true}','Select','Organization','combobox'),('ff8080815f296b01015f296b23dc0080','org.food.safety.trace.entity.business.PetRaceSmall','品种','','','\0','','type','{\"required\":true}','Input',NULL,NULL),('ff8080815f296b01015f296b23dd0081','org.food.safety.trace.entity.business.PetRaceSmall','种类','','\0','\0','','petRaceId','{\"required\":false}','Select','PetRace','combobox'),('ff8080815f296b01015f296b23dd0082','org.food.safety.trace.entity.business.PetRaceSmall','创建时间','\0','\0','\0','\0','createDate','{}','DatePicker',NULL,'yyyy-MM-dd HH:mm:ss'),('ff8080815f296b01015f296b23de0083','org.food.safety.trace.entity.business.PetRaceSmall','创建人','\0','\0','\0','\0','createUserId','{}',NULL,NULL,NULL),('ff8080815f296b01015f296b23de0084','org.food.safety.trace.entity.business.PetRaceSmall','更新时间','\0','\0','\0','\0','updateDate','{}','DatePicker',NULL,'yyyy-MM-dd HH:mm:ss'),('ff8080815f296b01015f296b23df0085','org.food.safety.trace.entity.business.PetRaceSmall','更新人','\0','\0','\0','\0','updateUserId','{}',NULL,NULL,NULL),('ff8080815f296b01015f296b23df0086','org.food.safety.trace.entity.business.PetRaceSmall','状态','\0','\0','\0','\0','status','{}',NULL,NULL,NULL),('ff8080815f296b01015f296b23df0087','org.food.safety.trace.entity.UserEntity','组织','','\0','\0','','organization','{\"required\":true}','Select','Organization','combobox'),('ff8080815f296b01015f296b23e00088','org.food.safety.trace.entity.UserEntity','角色','','\0','\0','','roles','{\"required\":true}','Select','Role','multiple'),('ff8080815f296b01015f296b23e00089','org.food.safety.trace.entity.UserEntity','用户名','','','\0','','name','{\"required\":true}','Input',NULL,NULL),('ff8080815f296b01015f296b23e1008a','org.food.safety.trace.entity.UserEntity','密码','\0','','\0','','password','{\"required\":true}','Input',NULL,'password'),('ff8080815f296b01015f296b23e1008b','org.food.safety.trace.entity.UserEntity','昵称','','','\0','','nickName','{\"required\":true}','Input',NULL,NULL),('ff8080815f296b01015f296b23e1008c','org.food.safety.trace.entity.UserEntity','年龄','\0','\0','\0','','age','{\"type\":\"number\",\"required\":true}','InputNumber',NULL,NULL),('ff8080815f296b01015f296b23e2008d','org.food.safety.trace.entity.UserEntity','性别','\0','\0','\0','','isMale','{\"type\":\"boolean\",\"required\":true}','Radio',NULL,'[{\"text\":\"男\", \"val\":true},{\"text\":\"女\", \"val\":false}]'),('ff8080815f296b01015f296b23e2008e','org.food.safety.trace.entity.UserEntity','电话','\0','','\0','','phone','{\"pattern\":\"\\/^1[34578]\\\\d{9}$\\/\",\"message\":\"The input is not valid phone!\",\"required\":true}',NULL,NULL,NULL),('ff8080815f296b01015f296b23e3008f','org.food.safety.trace.entity.UserEntity','电子邮件','\0','\0','\0','','email','{\"pattern\":\"\\/^([a-zA-Z0-9_-])+@([a-zA-Z0-9_-])+(.[a-zA-Z0-9_-])+\\/\",\"message\":\"The input is not valid E-mail!\",\"required\":true}',NULL,NULL,NULL),('ff8080815f296b01015f296b23e40090','org.food.safety.trace.entity.UserEntity','联系地址','\0','\0','\0','','address','{\"required\":true}',NULL,NULL,NULL),('ff8080815f296b01015f296b23e40091','org.food.safety.trace.entity.UserEntity','创建时间','\0','\0','\0','\0','createTime','{}','DatePicker',NULL,'yyyy-MM-dd HH:mm:ss'),('ff8080815f296b01015f296b23e50092','org.food.safety.trace.entity.business.Enterprise','组织','','\0','\0','','organization','{\"required\":true}','Select','Organization','combobox'),('ff8080815f296b01015f296b23e50093','org.food.safety.trace.entity.business.Enterprise','名称','','','\0','','name','{\"required\":true}','Input',NULL,NULL),('ff8080815f296b01015f296b23e60094','org.food.safety.trace.entity.business.Enterprise','简称','','','\0','','shortName','{\"required\":true}','Input',NULL,NULL),('ff8080815f296b01015f296b23e60095','org.food.safety.trace.entity.business.Enterprise','编号','','','\0','\0','code','{\"required\":false}',NULL,NULL,NULL),('ff8080815f296b01015f296b23e60096','org.food.safety.trace.entity.business.Enterprise','负责人','','','\0','','responseMan','{\"required\":true}','Input',NULL,NULL),('ff8080815f296b01015f296b23e70097','org.food.safety.trace.entity.business.Enterprise','地址','','','\0','','address','{\"required\":true}','Input',NULL,NULL),('ff8080815f296b01015f296b23e70098','org.food.safety.trace.entity.business.Enterprise','电话','','','\0','','telPhone','{\"required\":true}','Input',NULL,NULL),('ff8080815f296b01015f296b23e80099','org.food.safety.trace.entity.business.Enterprise','备注','\0','','\0','','remark','{\"required\":false}','TextArea',NULL,NULL),('ff8080815f296b01015f296b23ea009a','org.food.safety.trace.entity.business.Enterprise','传真','\0','','\0','\0','fax','{\"required\":false}','Input',NULL,NULL),('ff8080815f296b01015f296b23ee009b','org.food.safety.trace.entity.business.Enterprise','邮箱号','\0','','\0','\0','emailNo','{\"required\":true}','Input',NULL,NULL),('ff8080815f296b01015f296b23ee009c','org.food.safety.trace.entity.business.Enterprise','邮件','\0','','\0','\0','email','{\"required\":true}','Input',NULL,NULL),('ff8080815f296b01015f296b23ef009d','org.food.safety.trace.entity.business.Enterprise','邮编','\0','','\0','\0','areaCode','{\"required\":true}','Input',NULL,NULL),('ff8080815f296b01015f296b23ef009e','org.food.safety.trace.entity.business.Enterprise','组织编码','\0','','\0','\0','serialNumber','{\"required\":true}','Input',NULL,NULL),('ff8080815f296b01015f296b23ef009f','org.food.safety.trace.entity.business.Enterprise','创建时间','\0','\0','\0','\0','createDate','{}','DatePicker',NULL,'yyyy-MM-dd HH:mm:ss'),('ff8080815f296b01015f296b23f000a0','org.food.safety.trace.entity.business.Enterprise','创建人','\0','\0','\0','\0','createUserId','{}',NULL,NULL,NULL),('ff8080815f296b01015f296b23f000a1','org.food.safety.trace.entity.business.Enterprise','更新时间','\0','\0','\0','\0','updateDate','{}','DatePicker',NULL,'yyyy-MM-dd HH:mm:ss'),('ff8080815f296b01015f296b23f000a2','org.food.safety.trace.entity.business.Enterprise','更新人','\0','\0','\0','\0','updateUserId','{}',NULL,NULL,NULL),('ff8080815f296b01015f296b23f100a3','org.food.safety.trace.entity.business.Enterprise','状态','\0','\0','\0','\0','status','{}',NULL,NULL,NULL),('ff8080815f296b01015f296b23f100a4','org.food.safety.trace.entity.business.UserDict','组织','','\0','\0','','organization','{\"required\":true}','Select','Organization','combobox'),('ff8080815f296b01015f296b23f100a5','org.food.safety.trace.entity.business.UserDict','名称','','','\0','','name','{\"required\":true}','Input',NULL,NULL),('ff8080815f296b01015f296b23f200a6','org.food.safety.trace.entity.business.UserDict','可编辑','\0','\0','\0','\0','canEdit','{\"type\":\"boolean\",\"required\":true}','Radio',NULL,'[{\"text\":\"是\", \"val\":true},{\"text\":\"否\", \"val\":false}]'),('ff8080815f296b01015f296b23f200a7','org.food.safety.trace.entity.business.UserDict','可显示','\0','\0','\0','\0','canView','{\"type\":\"boolean\",\"required\":true}','Radio',NULL,'[{\"text\":\"是\", \"val\":true},{\"text\":\"否\", \"val\":false}]'),('ff8080815f296b01015f296b23f200a8','org.food.safety.trace.entity.business.UserDict','排序','\0','\0','\0','\0','sort','{}',NULL,NULL,NULL),('ff8080815f296b01015f296b23f300a9','org.food.safety.trace.entity.business.UserDict','创建时间','\0','\0','\0','\0','createDate','{}','DatePicker',NULL,'yyyy-MM-dd HH:mm:ss'),('ff8080815f296b01015f296b23f300aa','org.food.safety.trace.entity.business.UserDict','创建人','\0','\0','\0','\0','createUserId','{}',NULL,NULL,NULL),('ff8080815f296b01015f296b23f400ab','org.food.safety.trace.entity.business.UserDict','更新时间','\0','\0','\0','\0','updateDate','{}','DatePicker',NULL,'yyyy-MM-dd HH:mm:ss'),('ff8080815f296b01015f296b23f400ac','org.food.safety.trace.entity.business.UserDict','更新人','\0','\0','\0','\0','updateUserId','{}',NULL,NULL,NULL),('ff8080815f296b01015f296b23f400ad','org.food.safety.trace.entity.business.UserDict','状态','\0','\0','\0','\0','status','{}',NULL,NULL,NULL);
/*!40000 ALTER TABLE `ListView` ENABLE KEYS */;
UNLOCK TABLES;

--
-- Table structure for table `Menu`
--

DROP TABLE IF EXISTS `Menu`;
/*!40101 SET @saved_cs_client     = @@character_set_client */;
/*!40101 SET character_set_client = utf8 */;
CREATE TABLE `Menu` (
  `id` varchar(128) COLLATE utf8_unicode_ci NOT NULL,
  `organization` varchar(128) COLLATE utf8_unicode_ci DEFAULT NULL,
  `name` varchar(16) COLLATE utf8_unicode_ci DEFAULT NULL,
  `icon` varchar(32) COLLATE utf8_unicode_ci DEFAULT NULL,
  `route` varchar(64) COLLATE utf8_unicode_ci DEFAULT NULL,
  `mpid` varchar(128) COLLATE utf8_unicode_ci DEFAULT NULL,
  `createTime` datetime NOT NULL DEFAULT CURRENT_TIMESTAMP COMMENT '创建时间',
  PRIMARY KEY (`id`)
) ENGINE=InnoDB DEFAULT CHARSET=utf8 COLLATE=utf8_unicode_ci;
/*!40101 SET character_set_client = @saved_cs_client */;

--
-- Dumping data for table `Menu`
--

LOCK TABLES `Menu` WRITE;
/*!40000 ALTER TABLE `Menu` DISABLE KEYS */;
INSERT INTO `Menu` VALUES ('ff8080815f0a1adb015f0a1afa82002e','default','首页','laptop','/dashboard',NULL,'2017-10-11 14:24:21'),('ff8080815f0a1adb015f0a1afa8f002f','default','设置','setting',NULL,NULL,'2017-10-11 14:24:21'),('ff8080815f0a1adb015f0a1afa930030','default','角色管理','team','/rest/Role','ff8080815f0a1adb015f0a1afa8f002f','2017-10-11 14:24:21'),('ff8080815f0a1adb015f0a1afa970031','default','用户管理','user','/rest/UserEntity','ff8080815f0a1adb015f0a1afa8f002f','2017-10-11 14:24:21'),('ff8080815f0a1adb015f0a1afa9a0032','default','菜单管理','menu-fold','/rest/Menu','ff8080815f0a1adb015f0a1afa8f002f','2017-10-11 14:24:21'),('ff8080815f0a1adb015f0a1afa9d0033','default','组织管理','solution','/rest/Organization','ff8080815f0a1adb015f0a1afa8f002f','2017-10-11 14:24:21'),('ff8080815f0a1cda015f0a2097480001','ff8080815f0a1cda015f0a23d41e0002','宠物种类','book','/rest/PetRace','ff8080815f0a1cda015f0a24e4470003','2017-10-11 14:30:28'),('ff8080815f0a1cda015f0a24e4470003','ff8080815f0a1cda015f0a23d41e0002','基础数据','anticon anticon-database',NULL,'','2017-10-11 14:35:10'),('ff8080815f0a1cda015f0a2882200007','ff8080815f0a1cda015f0a23d41e0002','设置','setting',NULL,NULL,'2017-10-11 14:39:07'),('ff8080815f0a1cda015f0a292a280008','ff8080815f0a1cda015f0a23d41e0002','菜单管理','menu-fold','/rest/Menu','ff8080815f0a1cda015f0a2882200007','2017-10-11 14:39:50'),('ff8080815f0a1cda015f0a29cce50009','ff8080815f0a1cda015f0a23d41e0002','员工管理','user','/rest/UserEntity','ff8080815f0a1cda015f0a24e4470003','2017-10-11 14:40:32'),('ff8080815f0aa3e1015f0aa5e5dc0000','ff8080815f0a1cda015f0a23d41e0002','宠物品种','bars','/rest/PetRaceSmall','ff8080815f0a1cda015f0a24e4470003','2017-10-11 16:56:05'),('ff8080815f0ab036015f0aba6ba70000','ff8080815f0a1cda015f0a23d41e0002','角色管理','team','/rest/Role','ff8080815f0a1cda015f0a2882200007','2017-10-11 17:18:30'),('ff8080815f1ee23d015f1ee3e8c20000','ff8080815f0a1cda015f0a23d41e0002','代理商和生产商','solution','/rest/Dealer','ff8080815f0a1cda015f0a24e4470003','2017-10-15 15:16:13'),('ff8080815f1f7800015f1f7a14b10000','ff8080815f0a1cda015f0a23d41e0002','仓库信息','home','/rest/Warehouse','ff8080815f0a1cda015f0a24e4470003','2017-10-15 18:00:15'),('ff8080815f23db8e015f23de07310000','ff8080815f0a1cda015f0a23d41e0002','业务类别','book','/rest/BusinesCate','ff8080815f0a1cda015f0a24e4470003','2017-10-16 14:27:54'),('ff8080815f23ef94015f23f133200000','ff8080815f0a1cda015f0a23d41e0002','商品类别','bars','/rest/ItemCate','ff8080815f0a1cda015f0a24e4470003','2017-10-16 14:48:50'),('ff8080815f2410e4015f241e2d4c0000','ff8080815f0a1cda015f0a23d41e0002','业务字典类别','book','/rest/UserDict','ff8080815f0a1cda015f0a24e4470003','2017-10-16 15:37:58'),('ff8080815f247108015f24724cc80000','ff8080815f0a1cda015f0a23d41e0002','业务字典','bars','/rest/UserDictDetail','ff8080815f0a1cda015f0a24e4470003','2017-10-16 17:09:51'),('ff8080815f28f0cb015f28f2ee240000','ff8080815f0a1cda015f0a23d41e0002','系统字典类别','book','/rest/DictType','ff8080815f0a1cda015f0a24e4470003','2017-10-17 14:08:50'),('ff8080815f28fc3d015f28fd58ad0000','ff8080815f0a1cda015f0a23d41e0002','系统字典','bars','/rest/DictTypeDetail','ff8080815f0a1cda015f0a24e4470003','2017-10-17 14:20:13'),('ff8080815f291ef9015f292b32f50000','ff8080815f0a1cda015f0a23d41e0002','会员级别','star','/rest/GestLevel','ff8080815f0a1cda015f0a24e4470003','2017-10-17 15:10:18'),('ff8080815f294c6e015f294ee9060000','ff8080815f0a1cda015f0a23d41e0002','医院信息','home','/rest/Enterprise','ff8080815f0a1cda015f0a24e4470003','2017-10-17 15:49:18');
/*!40000 ALTER TABLE `Menu` ENABLE KEYS */;
UNLOCK TABLES;

--
-- Table structure for table `Organization`
--

DROP TABLE IF EXISTS `Organization`;
/*!40101 SET @saved_cs_client     = @@character_set_client */;
/*!40101 SET character_set_client = utf8 */;
CREATE TABLE `Organization` (
  `id` varchar(128) COLLATE utf8_unicode_ci NOT NULL,
  `organization` varchar(128) COLLATE utf8_unicode_ci DEFAULT NULL,
  `name` varchar(16) COLLATE utf8_unicode_ci DEFAULT NULL,
  `createTime` datetime NOT NULL DEFAULT CURRENT_TIMESTAMP COMMENT '创建时间',
  PRIMARY KEY (`id`)
) ENGINE=InnoDB DEFAULT CHARSET=utf8 COLLATE=utf8_unicode_ci;
/*!40101 SET character_set_client = @saved_cs_client */;

--
-- Dumping data for table `Organization`
--

LOCK TABLES `Organization` WRITE;
/*!40000 ALTER TABLE `Organization` DISABLE KEYS */;
INSERT INTO `Organization` VALUES ('default','default','default','2017-10-10 16:57:59'),('ff8080815f0a1cda015f0a23d41e0002','ff8080815f0a1cda015f0a23d41e0002','北京锐捷网络','2017-10-11 14:34:01');
/*!40000 ALTER TABLE `Organization` ENABLE KEYS */;
UNLOCK TABLES;

--
-- Table structure for table `Reference`
--

DROP TABLE IF EXISTS `Reference`;
/*!40101 SET @saved_cs_client     = @@character_set_client */;
/*!40101 SET character_set_client = utf8 */;
CREATE TABLE `Reference` (
  `id` varchar(128) COLLATE utf8_unicode_ci NOT NULL,
  `targetName` varchar(128) COLLATE utf8_unicode_ci DEFAULT NULL,
  `targetId` varchar(128) COLLATE utf8_unicode_ci DEFAULT NULL,
  `sourceName` varchar(128) COLLATE utf8_unicode_ci DEFAULT NULL,
  `sourceId` varchar(128) COLLATE utf8_unicode_ci DEFAULT NULL,
  PRIMARY KEY (`id`)
) ENGINE=InnoDB DEFAULT CHARSET=utf8 COLLATE=utf8_unicode_ci;
/*!40101 SET character_set_client = @saved_cs_client */;

--
-- Dumping data for table `Reference`
--

LOCK TABLES `Reference` WRITE;
/*!40000 ALTER TABLE `Reference` DISABLE KEYS */;
INSERT INTO `Reference` VALUES ('ff8080815f055144015f05580af40006','Role','ff8080815f055144015f0557b58e0001','UserEntity','admin'),('ff8080815f0a1cda015f0a2aba860010','Role','ff8080815f0a1cda015f0a26af980004','UserEntity','ff8080815f0a1cda015f0a2aba7e000f'),('ff8080815f0ab036015f0abfcdd70009','Menu','ff8080815f0aa3e1015f0aa5e5dc0000','Role','ff8080815f0ab036015f0abfcdd00008'),('ff8080815f0ab036015f0abfcdd8000a','Menu','ff8080815f0a1cda015f0a2097480001','Role','ff8080815f0ab036015f0abfcdd00008'),('ff8080815f0ab036015f0ac07650000c','Role','ff8080815f0ab036015f0abfcdd00008','UserEntity','ff8080815f0ab036015f0ac07631000b'),('ff8080815f294c6e015f294f17790001','Menu','ff8080815f0a1cda015f0a24e4470003','Role','ff8080815f0a1cda015f0a26af980004'),('ff8080815f294c6e015f294f177e0002','Menu','ff8080815f0a1cda015f0a2097480001','Role','ff8080815f0a1cda015f0a26af980004'),('ff8080815f294c6e015f294f177e0003','Menu','ff8080815f0a1cda015f0a292a280008','Role','ff8080815f0a1cda015f0a26af980004'),('ff8080815f294c6e015f294f177f0004','Menu','ff8080815f0a1cda015f0a29cce50009','Role','ff8080815f0a1cda015f0a26af980004'),('ff8080815f294c6e015f294f177f0005','Menu','ff8080815f0a1cda015f0a2882200007','Role','ff8080815f0a1cda015f0a26af980004'),('ff8080815f294c6e015f294f17800006','Menu','ff8080815f0ab036015f0aba6ba70000','Role','ff8080815f0a1cda015f0a26af980004'),('ff8080815f294c6e015f294f17800007','Menu','ff8080815f0aa3e1015f0aa5e5dc0000','Role','ff8080815f0a1cda015f0a26af980004'),('ff8080815f294c6e015f294f17810008','Menu','ff8080815f1ee23d015f1ee3e8c20000','Role','ff8080815f0a1cda015f0a26af980004'),('ff8080815f294c6e015f294f17810009','Menu','ff8080815f1f7800015f1f7a14b10000','Role','ff8080815f0a1cda015f0a26af980004'),('ff8080815f294c6e015f294f1782000a','Menu','ff8080815f23db8e015f23de07310000','Role','ff8080815f0a1cda015f0a26af980004'),('ff8080815f294c6e015f294f1782000b','Menu','ff8080815f23ef94015f23f133200000','Role','ff8080815f0a1cda015f0a26af980004'),('ff8080815f294c6e015f294f1786000c','Menu','ff8080815f2410e4015f241e2d4c0000','Role','ff8080815f0a1cda015f0a26af980004'),('ff8080815f294c6e015f294f1787000d','Menu','ff8080815f247108015f24724cc80000','Role','ff8080815f0a1cda015f0a26af980004'),('ff8080815f294c6e015f294f1788000e','Menu','ff8080815f28f0cb015f28f2ee240000','Role','ff8080815f0a1cda015f0a26af980004'),('ff8080815f294c6e015f294f178a000f','Menu','ff8080815f28fc3d015f28fd58ad0000','Role','ff8080815f0a1cda015f0a26af980004'),('ff8080815f294c6e015f294f178c0010','Menu','ff8080815f291ef9015f292b32f50000','Role','ff8080815f0a1cda015f0a26af980004'),('ff8080815f294c6e015f294f178d0011','Menu','ff8080815f294c6e015f294ee9060000','Role','ff8080815f0a1cda015f0a26af980004');
/*!40000 ALTER TABLE `Reference` ENABLE KEYS */;
UNLOCK TABLES;

--
-- Table structure for table `Role`
--

DROP TABLE IF EXISTS `Role`;
/*!40101 SET @saved_cs_client     = @@character_set_client */;
/*!40101 SET character_set_client = utf8 */;
CREATE TABLE `Role` (
  `id` varchar(128) COLLATE utf8_unicode_ci NOT NULL,
  `organization` varchar(128) COLLATE utf8_unicode_ci DEFAULT NULL,
  `name` varchar(16) COLLATE utf8_unicode_ci DEFAULT NULL,
  `menus` longtext COLLATE utf8_unicode_ci,
  `createTime` datetime NOT NULL DEFAULT CURRENT_TIMESTAMP COMMENT '创建时间',
  PRIMARY KEY (`id`)
) ENGINE=InnoDB DEFAULT CHARSET=utf8 COLLATE=utf8_unicode_ci;
/*!40101 SET character_set_client = @saved_cs_client */;

--
-- Dumping data for table `Role`
--

LOCK TABLES `Role` WRITE;
/*!40000 ALTER TABLE `Role` DISABLE KEYS */;
INSERT INTO `Role` VALUES ('ff8080815f055144015f0557b58e0001','default','admin',NULL,'2017-10-10 16:12:35'),('ff8080815f0a1cda015f0a26af980004','ff8080815f0a1cda015f0a23d41e0002','enterprise-admin',NULL,'2017-10-11 14:37:08'),('ff8080815f0ab036015f0abfcdd00008','ff8080815f0a1cda015f0a23d41e0002','前台',NULL,'2017-10-11 17:24:23');
/*!40000 ALTER TABLE `Role` ENABLE KEYS */;
UNLOCK TABLES;

--
-- Table structure for table `UserEntity`
--

DROP TABLE IF EXISTS `UserEntity`;
/*!40101 SET @saved_cs_client     = @@character_set_client */;
/*!40101 SET character_set_client = utf8 */;
CREATE TABLE `UserEntity` (
  `id` varchar(128) COLLATE utf8_unicode_ci NOT NULL,
  `organization` varchar(128) COLLATE utf8_unicode_ci DEFAULT NULL,
  `roles` longtext COLLATE utf8_unicode_ci,
  `name` varchar(8) COLLATE utf8_unicode_ci DEFAULT NULL,
  `password` varchar(8) COLLATE utf8_unicode_ci DEFAULT NULL,
  `nickName` varchar(16) COLLATE utf8_unicode_ci DEFAULT NULL,
  `age` int(11) DEFAULT NULL,
  `isMale` bit(1) DEFAULT NULL,
  `phone` varchar(11) COLLATE utf8_unicode_ci DEFAULT NULL,
  `email` varchar(16) COLLATE utf8_unicode_ci DEFAULT NULL,
  `address` varchar(128) COLLATE utf8_unicode_ci DEFAULT NULL,
  `createTime` datetime NOT NULL DEFAULT CURRENT_TIMESTAMP COMMENT '创建时间',
  PRIMARY KEY (`id`)
) ENGINE=InnoDB DEFAULT CHARSET=utf8 COLLATE=utf8_unicode_ci;
/*!40101 SET character_set_client = @saved_cs_client */;

--
-- Dumping data for table `UserEntity`
--

LOCK TABLES `UserEntity` WRITE;
/*!40000 ALTER TABLE `UserEntity` DISABLE KEYS */;
INSERT INTO `UserEntity` VALUES ('admin','default','','admin','admin','admin',1,'','15801632955','1@1.com','1','2017-10-10 16:10:36'),('ff8080815f0a1cda015f0a2aba7e000f','ff8080815f0a1cda015f0a23d41e0002',NULL,'fiona','fiona','fiona',1,'','15801632955','1@1.com','北京','2017-10-11 14:41:33'),('ff8080815f0ab036015f0ac07631000b','ff8080815f0a1cda015f0a23d41e0002',NULL,'李姮','123456','李姮',1,'\0','15801632955','1@1.com','北京','2017-10-11 17:25:06');
/*!40000 ALTER TABLE `UserEntity` ENABLE KEYS */;
UNLOCK TABLES;

--
-- Table structure for table `t_busines_cate`
--

DROP TABLE IF EXISTS `t_busines_cate`;
/*!40101 SET @saved_cs_client     = @@character_set_client */;
/*!40101 SET character_set_client = utf8 */;
CREATE TABLE `t_busines_cate` (
  `id` varchar(128) COLLATE utf8_unicode_ci NOT NULL,
  `organization` varchar(128) COLLATE utf8_unicode_ci DEFAULT NULL,
  `cate_name` varchar(8) COLLATE utf8_unicode_ci DEFAULT NULL,
  `create_date` datetime NOT NULL DEFAULT CURRENT_TIMESTAMP COMMENT '创建时间',
  `create_user_id` varchar(128) COLLATE utf8_unicode_ci DEFAULT NULL,
  `update_date` datetime NOT NULL DEFAULT CURRENT_TIMESTAMP COMMENT '更新时间',
  `update_user_id` varchar(128) COLLATE utf8_unicode_ci DEFAULT NULL,
  `status` varchar(128) COLLATE utf8_unicode_ci DEFAULT NULL,
  PRIMARY KEY (`id`)
) ENGINE=InnoDB DEFAULT CHARSET=utf8 COLLATE=utf8_unicode_ci;
/*!40101 SET character_set_client = @saved_cs_client */;

--
-- Dumping data for table `t_busines_cate`
--

LOCK TABLES `t_busines_cate` WRITE;
/*!40000 ALTER TABLE `t_busines_cate` DISABLE KEYS */;
INSERT INTO `t_busines_cate` VALUES ('0b02ebb8-e341-420b-9267-453610635ecd','ff8080815f0a1cda015f0a23d41e0002','宠物药品','2016-10-22 14:54:12','34ff5c2e-6625-4d6d-ad39-d1745755b3a8','2016-10-22 14:54:12','34ff5c2e-6625-4d6d-ad39-d1745755b3a8','OK'),('18644a6e-a004-4ce0-a11f-d100dfbc1caa','ff8080815f0a1cda015f0a23d41e0002','宠物用品','2016-10-22 14:54:12','34ff5c2e-6625-4d6d-ad39-d1745755b3a8','2016-10-22 14:54:12','34ff5c2e-6625-4d6d-ad39-d1745755b3a8','OK'),('3d2d574e-f3f0-4415-9472-fc01fd24ea27','ff8080815f0a1cda015f0a23d41e0002','医疗处置','2016-10-22 14:54:12','34ff5c2e-6625-4d6d-ad39-d1745755b3a8','2016-10-22 14:54:12','34ff5c2e-6625-4d6d-ad39-d1745755b3a8','OK'),('51469657-32f6-46be-913a-316acb90eedf','ff8080815f0a1cda015f0a23d41e0002','挂号费用','2016-10-22 14:54:12','34ff5c2e-6625-4d6d-ad39-d1745755b3a8','2016-10-22 14:54:12','34ff5c2e-6625-4d6d-ad39-d1745755b3a8','OK'),('5a2ba3bf-37d2-4d18-ac49-09ab7823e40R','ff8080815f0a1cda015f0a23d41e0002','寄养项目','2016-10-22 14:54:12','34ff5c2e-6625-4d6d-ad39-d1745755b3a8','2016-10-22 14:54:12','34ff5c2e-6625-4d6d-ad39-d1745755b3a8','OK'),('97382cb9-3811-413d-91ea-d3696c5c9f18','ff8080815f0a1cda015f0a23d41e0002','住院项目','2016-10-22 14:54:12','34ff5c2e-6625-4d6d-ad39-d1745755b3a8','2016-10-22 14:54:12','34ff5c2e-6625-4d6d-ad39-d1745755b3a8','OK'),('9fa7b1df-3f0d-48eb-82d3-f143e5cbb7b3','ff8080815f0a1cda015f0a23d41e0002','美容服务','2016-10-22 14:54:12','34ff5c2e-6625-4d6d-ad39-d1745755b3a8','2016-10-22 14:54:12','34ff5c2e-6625-4d6d-ad39-d1745755b3a8','OK'),('abcfd990-246e-4921-a843-cca968a95e0e','ff8080815f0a1cda015f0a23d41e0002','影像项目','2016-10-22 14:54:12','34ff5c2e-6625-4d6d-ad39-d1745755b3a8','2016-10-22 14:54:12','34ff5c2e-6625-4d6d-ad39-d1745755b3a8','OK'),('b2af0b06-2d84-4d24-b62c-9e72db66ad70','ff8080815f0a1cda015f0a23d41e0002','化验项目','2016-10-22 14:54:12','34ff5c2e-6625-4d6d-ad39-d1745755b3a8','2016-10-22 14:54:12','34ff5c2e-6625-4d6d-ad39-d1745755b3a8','OK'),('d4cbb873-6e1b-49cd-8e09-82c39e932dfb','ff8080815f0a1cda015f0a23d41e0002','宠物手术','2016-10-22 14:54:12','34ff5c2e-6625-4d6d-ad39-d1745755b3a8','2016-10-22 14:54:12','34ff5c2e-6625-4d6d-ad39-d1745755b3a8','OK'),('e1670d8a-f098-4963-9157-a8c234d9d8fb','ff8080815f0a1cda015f0a23d41e0002','驱虫疫苗','2016-10-22 14:54:12','34ff5c2e-6625-4d6d-ad39-d1745755b3a8','2016-10-22 14:54:12','34ff5c2e-6625-4d6d-ad39-d1745755b3a8','OK'),('ff969be2-a25b-451e-8fe1-e434b21a94f2','ff8080815f0a1cda015f0a23d41e0002','宠物食品','2016-10-22 14:54:12','34ff5c2e-6625-4d6d-ad39-d1745755b3a8','2016-10-22 14:54:12','34ff5c2e-6625-4d6d-ad39-d1745755b3a8','OK');
/*!40000 ALTER TABLE `t_busines_cate` ENABLE KEYS */;
UNLOCK TABLES;

--
-- Table structure for table `t_dealer`
--

DROP TABLE IF EXISTS `t_dealer`;
/*!40101 SET @saved_cs_client     = @@character_set_client */;
/*!40101 SET character_set_client = utf8 */;
CREATE TABLE `t_dealer` (
  `id` varchar(128) COLLATE utf8_unicode_ci NOT NULL,
  `organization` varchar(128) COLLATE utf8_unicode_ci DEFAULT NULL,
  `code` varchar(128) COLLATE utf8_unicode_ci DEFAULT NULL,
  `name` varchar(128) COLLATE utf8_unicode_ci DEFAULT NULL,
  `contract_man` varchar(8) COLLATE utf8_unicode_ci DEFAULT NULL,
  `mobile_phone` varchar(11) COLLATE utf8_unicode_ci DEFAULT NULL,
  `tel_phone` varchar(64) COLLATE utf8_unicode_ci DEFAULT NULL,
  `remark` longtext COLLATE utf8_unicode_ci,
  `company_type` varchar(1) COLLATE utf8_unicode_ci DEFAULT NULL,
  `create_date` datetime NOT NULL DEFAULT CURRENT_TIMESTAMP COMMENT '创建时间',
  `create_user_id` varchar(128) COLLATE utf8_unicode_ci DEFAULT NULL,
  `update_date` datetime NOT NULL DEFAULT CURRENT_TIMESTAMP COMMENT '更新时间',
  `update_user_id` varchar(128) COLLATE utf8_unicode_ci DEFAULT NULL,
  `status` varchar(128) COLLATE utf8_unicode_ci DEFAULT NULL,
  `email` varchar(128) COLLATE utf8_unicode_ci DEFAULT NULL,
  `dealer_address` varchar(128) COLLATE utf8_unicode_ci DEFAULT NULL,
  `fax` varchar(128) COLLATE utf8_unicode_ci DEFAULT NULL,
  `website` varchar(128) COLLATE utf8_unicode_ci DEFAULT NULL,
  `tax_no` varchar(128) COLLATE utf8_unicode_ci DEFAULT NULL,
  `bank_name` varchar(128) COLLATE utf8_unicode_ci DEFAULT NULL,
  `dealer_bank_name` varchar(128) COLLATE utf8_unicode_ci DEFAULT NULL,
  `account_no` varchar(128) COLLATE utf8_unicode_ci DEFAULT NULL,
  PRIMARY KEY (`id`)
) ENGINE=InnoDB DEFAULT CHARSET=utf8 COLLATE=utf8_unicode_ci;
/*!40101 SET character_set_client = @saved_cs_client */;

--
-- Dumping data for table `t_dealer`
--

LOCK TABLES `t_dealer` WRITE;
/*!40000 ALTER TABLE `t_dealer` DISABLE KEYS */;
INSERT INTO `t_dealer` VALUES ('402881ce59548b9101595495a79b0006','ff8080815f0a1cda015f0a23d41e0002','SP0000000009','富力大有','刘悦','13910683226',NULL,NULL,'1','2016-12-31 19:13:31','fc5db3b3-4063-4a12-a511-880ba19e4b58','2017-01-08 18:15:33','fc5db3b3-4063-4a12-a511-880ba19e4b58','SM00001',NULL,NULL,NULL,NULL,NULL,NULL,NULL,NULL),('402881ce59548b91015972dcae010994','ff8080815f0a1cda015f0a23d41e0002','SP0000000010','中科拜克','付立新','18610449123','',NULL,'1','2017-01-06 16:19:42','fc5db3b3-4063-4a12-a511-880ba19e4b58','2017-01-08 18:17:42','fc5db3b3-4063-4a12-a511-880ba19e4b58','SM00001',NULL,NULL,'干扰素',NULL,NULL,NULL,NULL,NULL),('402881ce59548b9101597c48d83511dd','ff8080815f0a1cda015f0a23d41e0002','SP0000000011','上海宠悟科技有限公司','蒋昆','13601177909',NULL,NULL,'1','2017-01-08 12:14:25','fc5db3b3-4063-4a12-a511-880ba19e4b58','2017-01-08 18:17:57','fc5db3b3-4063-4a12-a511-880ba19e4b58','SM00001',NULL,NULL,'泰淘气',NULL,NULL,NULL,NULL,NULL),('402881ce59548b9101597d7fa70f124e','ff8080815f0a1cda015f0a23d41e0002','SP0000000012','宠儿香','朱红曼','15001346480',NULL,NULL,'1','2017-01-08 17:53:54','fc5db3b3-4063-4a12-a511-880ba19e4b58','2017-01-08 17:53:54','fc5db3b3-4063-4a12-a511-880ba19e4b58','SM00001',NULL,NULL,NULL,NULL,NULL,NULL,NULL,NULL),('402881ce59548b9101597d9c27581259','ff8080815f0a1cda015f0a23d41e0002','SP0000000014','北京格德海生物技术有限公司','佟永刚','13810438637','',NULL,'1','2017-01-08 18:25:02','fc5db3b3-4063-4a12-a511-880ba19e4b58','2017-03-10 13:54:41','fc5db3b3-4063-4a12-a511-880ba19e4b58','SM00001',NULL,'18911450532  董丽纳',NULL,NULL,NULL,NULL,NULL,NULL),('402881ce59548b91015980ed91fd128f','ff8080815f0a1cda015f0a23d41e0002','SP0000000015','北京瀚格岭月商贸有限公司','王伟光','18612999041',NULL,NULL,'1','2017-01-09 09:52:50','fc5db3b3-4063-4a12-a511-880ba19e4b58','2017-01-09 09:52:50','fc5db3b3-4063-4a12-a511-880ba19e4b58','SM00001',NULL,NULL,'疫苗驱虫',NULL,NULL,NULL,NULL,NULL),('402881ce59548b91015980ef0ba81290','ff8080815f0a1cda015f0a23d41e0002','SP0000000016','礼福宠物医药公司','武杰','13811122191',NULL,NULL,'1','2017-01-09 09:54:26','fc5db3b3-4063-4a12-a511-880ba19e4b58','2017-07-11 13:06:38','fc5db3b3-4063-4a12-a511-880ba19e4b58','SM00001',NULL,NULL,NULL,NULL,NULL,NULL,NULL,NULL),('402881ce59548b91015980f0139e1291','ff8080815f0a1cda015f0a23d41e0002','SP0000000017','中诚医药（北京盛世）','马朝晖','15120089980',NULL,NULL,'1','2017-01-09 09:55:34','fc5db3b3-4063-4a12-a511-880ba19e4b58','2017-02-16 10:02:44','fc5db3b3-4063-4a12-a511-880ba19e4b58','SM00001',NULL,NULL,NULL,NULL,NULL,NULL,NULL,NULL),('402881ce59548b9101598b9a78991994','ff8080815f0a1cda015f0a23d41e0002','SP0000000019','拜耳（四川）动物保健有限公司','王彦春','18610439606',NULL,NULL,'1','2017-01-11 11:37:53','fc5db3b3-4063-4a12-a511-880ba19e4b58','2017-05-11 15:20:02','fc5db3b3-4063-4a12-a511-880ba19e4b58','SM00001',NULL,'拜耳代理 张亮升','拜耳 厂家销售',NULL,NULL,NULL,NULL,NULL),('402881ce59548b9101598d2701d019bc','ff8080815f0a1cda015f0a23d41e0002','SP0000000020','黄英的店','李','15201113595',NULL,NULL,'1','2017-01-11 18:51:00','fc5db3b3-4063-4a12-a511-880ba19e4b58','2017-01-11 18:51:00','fc5db3b3-4063-4a12-a511-880ba19e4b58','SM00001',NULL,NULL,NULL,NULL,NULL,NULL,NULL,NULL),('402881ce5990f958015995d693d900e7','ff8080815f0a1cda015f0a23d41e0002','SP0000000021','安家商','胡龙',NULL,'13521127397',NULL,'1','2017-01-13 11:19:44','fc5db3b3-4063-4a12-a511-880ba19e4b58','2017-01-13 11:19:44','fc5db3b3-4063-4a12-a511-880ba19e4b58','SM00001',NULL,NULL,NULL,NULL,NULL,NULL,NULL,NULL),('402881ce5990f95801599c1d77b40259','ff8080815f0a1cda015f0a23d41e0002','SP0000000022','维克贸易','蒋晓飞','13311200455',NULL,NULL,'1','2017-01-14 16:34:53','fc5db3b3-4063-4a12-a511-880ba19e4b58','2017-01-14 16:34:53','fc5db3b3-4063-4a12-a511-880ba19e4b58','SM00001',NULL,NULL,NULL,NULL,NULL,NULL,NULL,NULL),('402881ce59ab63e20159c4f3ea6702f1','ff8080815f0a1cda015f0a23d41e0002','SP0000000023','汉维宠仕','董岚','17710243995',NULL,NULL,'1','2017-01-22 14:53:56','fc5db3b3-4063-4a12-a511-880ba19e4b58','2017-01-22 14:53:56','fc5db3b3-4063-4a12-a511-880ba19e4b58','SM00001',NULL,NULL,NULL,NULL,NULL,NULL,NULL,NULL),('402881ce5a27f511015a3580a78102ad','ff8080815f0a1cda015f0a23d41e0002','SP0000000025','天津铁草动物科技有限公司（天津保灵）','潘炳榕','15011144404',NULL,NULL,'1','2017-02-13 11:25:08','fc5db3b3-4063-4a12-a511-880ba19e4b58','2017-02-13 11:25:08','fc5db3b3-4063-4a12-a511-880ba19e4b58','SM00001',NULL,NULL,NULL,NULL,NULL,NULL,NULL,NULL),('402881ce5a27f511015a358c480e02ae','ff8080815f0a1cda015f0a23d41e0002','SP0000000027','北京双立和生物技术有限公司（德国维氏代理）','王子祎','15201068691','15201068691',NULL,'1','2017-02-13 11:37:50','fc5db3b3-4063-4a12-a511-880ba19e4b58','2017-02-13 11:37:50','fc5db3b3-4063-4a12-a511-880ba19e4b58','SM00001',NULL,NULL,NULL,NULL,NULL,NULL,NULL,NULL),('402881ce5a639402015a984410b20f05','ff8080815f0a1cda015f0a23d41e0002','SP0000000028','比翼齐腾','李崇智','15810945134',NULL,NULL,'1','2017-03-04 15:41:21','fc5db3b3-4063-4a12-a511-880ba19e4b58','2017-03-04 15:41:21','fc5db3b3-4063-4a12-a511-880ba19e4b58','SM00001',NULL,NULL,NULL,NULL,NULL,NULL,NULL,NULL),('402881ce5a9d9c75015ab23f93b9045f','ff8080815f0a1cda015f0a23d41e0002','SP0000000029','硕腾中国','王志刚','15011373758','',NULL,'3','2017-03-09 16:46:35','fc5db3b3-4063-4a12-a511-880ba19e4b58','2017-03-09 16:46:35','fc5db3b3-4063-4a12-a511-880ba19e4b58','SM00001',NULL,NULL,NULL,NULL,NULL,NULL,NULL,NULL),('402881ce5b09e9de015b287585c004f7','ff8080815f0a1cda015f0a23d41e0002','SP0000000030','北京维特康动物药械科技发展有限公司','靳善宏','17310136873','17310136873',NULL,'1','2017-04-01 15:40:42','fc5db3b3-4063-4a12-a511-880ba19e4b58','2017-04-01 15:40:42','fc5db3b3-4063-4a12-a511-880ba19e4b58','SM00001',NULL,NULL,NULL,NULL,NULL,NULL,NULL,NULL),('402881ce5b575a77015b5afa4a0d008b','ff8080815f0a1cda015f0a23d41e0002','SP0000000031','北京丰和胜国际医药技术有限公司','王晓伟','17710133538',NULL,NULL,'1','2017-04-11 11:06:44','fc5db3b3-4063-4a12-a511-880ba19e4b58','2017-04-11 11:06:44','fc5db3b3-4063-4a12-a511-880ba19e4b58','SM00001',NULL,NULL,NULL,NULL,NULL,NULL,NULL,NULL),('402881ce5b9a18af015ba9200f2b0268','ff8080815f0a1cda015f0a23d41e0002','SP0000000032','中联动保','孙彦泽',NULL,NULL,NULL,'1','2017-04-26 15:18:22','fc5db3b3-4063-4a12-a511-880ba19e4b58','2017-04-26 15:18:22','fc5db3b3-4063-4a12-a511-880ba19e4b58','SM00001',NULL,NULL,NULL,NULL,NULL,NULL,NULL,NULL),('402881ce5b9a18af015ba97c62ed02c3','ff8080815f0a1cda015f0a23d41e0002','SP0000000033','梅里亚','徐晓龙',NULL,NULL,NULL,'1','2017-04-26 16:59:13','fc5db3b3-4063-4a12-a511-880ba19e4b58','2017-04-26 16:59:13','fc5db3b3-4063-4a12-a511-880ba19e4b58','SM00001',NULL,NULL,NULL,NULL,NULL,NULL,NULL,NULL),('402881ce5b9a18af015bad4ea48703f1','ff8080815f0a1cda015f0a23d41e0002','SP0000000034','爱德士 安普生化','张建军',NULL,'13810136474',NULL,'1','2017-04-27 10:47:44','fc5db3b3-4063-4a12-a511-880ba19e4b58','2017-04-27 10:47:44','fc5db3b3-4063-4a12-a511-880ba19e4b58','SM00001',NULL,NULL,NULL,NULL,NULL,NULL,NULL,NULL),('402881ce5be73d09015bfc0524800809','ff8080815f0a1cda015f0a23d41e0002','SP0000000036','北京汇宠生物科技有限公司','张伟',NULL,'18801077695',NULL,'1','2017-05-12 17:37:27','fc5db3b3-4063-4a12-a511-880ba19e4b58','2017-05-12 17:37:27','fc5db3b3-4063-4a12-a511-880ba19e4b58','SM00001',NULL,NULL,NULL,NULL,NULL,NULL,NULL,NULL),('ff8080815c75fad8015c770333c6007a','ff8080815f0a1cda015f0a23d41e0002','SP0000000037','中农福德生物科技有限公司','王福林','13911767812','010-82824696',NULL,'1','2017-06-05 14:48:37','fc5db3b3-4063-4a12-a511-880ba19e4b58','2017-06-05 14:48:37','fc5db3b3-4063-4a12-a511-880ba19e4b58','SM00001',NULL,NULL,NULL,NULL,NULL,NULL,NULL,NULL),('ff8080815c78ab0b015c95e08722093f','ff8080815f0a1cda015f0a23d41e0002','SP0000000038','北京丰和盛国际医药技术有限公司','王晓伟','17710133538','',NULL,'1','2017-06-11 14:38:58','fc5db3b3-4063-4a12-a511-880ba19e4b58','2017-06-11 14:38:58','fc5db3b3-4063-4a12-a511-880ba19e4b58','SM00001',NULL,NULL,NULL,NULL,NULL,NULL,NULL,NULL),('ff8080815ca1d2f3015cc9318d100fe8','ff8080815f0a1cda015f0a23d41e0002','SP0000000040','麦德豪脖圈','婷婷','15257952129','0579-85688691',NULL,'1','2017-06-21 13:48:06','fc5db3b3-4063-4a12-a511-880ba19e4b58','2017-06-21 13:48:06','fc5db3b3-4063-4a12-a511-880ba19e4b58','SM00001',NULL,'m:152579521',NULL,NULL,NULL,NULL,NULL,NULL),('ff8080815cdfb60c015cf1d8956803b9','ff8080815f0a1cda015f0a23d41e0002','SP0000000041','元亨','李佳','13501230889','',NULL,'3','2017-06-29 11:15:22','fc5db3b3-4063-4a12-a511-880ba19e4b58','2017-06-29 11:15:22','fc5db3b3-4063-4a12-a511-880ba19e4b58','SM00001',NULL,NULL,NULL,NULL,NULL,NULL,NULL,NULL),('ff8080815cdfb60c015d0b459fc00b55','ff8080815f0a1cda015f0a23d41e0002','SP0000000042','MSD默沙东动物保健品（上海）有限公司','李京菁',NULL,'13910398972',NULL,'1','2017-07-04 09:44:58','fc5db3b3-4063-4a12-a511-880ba19e4b58','2017-07-04 09:44:58','fc5db3b3-4063-4a12-a511-880ba19e4b58','SM00001',NULL,NULL,NULL,NULL,NULL,NULL,NULL,NULL);
/*!40000 ALTER TABLE `t_dealer` ENABLE KEYS */;
UNLOCK TABLES;

--
-- Table structure for table `t_dict_type`
--

DROP TABLE IF EXISTS `t_dict_type`;
/*!40101 SET @saved_cs_client     = @@character_set_client */;
/*!40101 SET character_set_client = utf8 */;
CREATE TABLE `t_dict_type` (
  `id` varchar(128) COLLATE utf8_unicode_ci NOT NULL,
  `organization` varchar(128) COLLATE utf8_unicode_ci DEFAULT NULL,
  `dict_name` varchar(8) COLLATE utf8_unicode_ci DEFAULT NULL,
  `create_date` datetime NOT NULL DEFAULT CURRENT_TIMESTAMP COMMENT '创建时间',
  `create_user_id` varchar(128) COLLATE utf8_unicode_ci DEFAULT NULL,
  `update_date` datetime NOT NULL DEFAULT CURRENT_TIMESTAMP COMMENT '更新时间',
  `update_user_id` varchar(128) COLLATE utf8_unicode_ci DEFAULT NULL,
  `status` varchar(128) COLLATE utf8_unicode_ci DEFAULT NULL,
  PRIMARY KEY (`id`)
) ENGINE=InnoDB DEFAULT CHARSET=utf8 COLLATE=utf8_unicode_ci;
/*!40101 SET character_set_client = @saved_cs_client */;

--
-- Dumping data for table `t_dict_type`
--

LOCK TABLES `t_dict_type` WRITE;
/*!40000 ALTER TABLE `t_dict_type` DISABLE KEYS */;
INSERT INTO `t_dict_type` VALUES ('34ff5c2e-6625-4d6d-ad39-d1745755b310','ff8080815f0a1cda015f0a23d41e0002','付款状态','2016-10-22 14:54:23','34ff5c2e-6625-4d6d-ad39-d1745755b3a8','2016-10-22 14:54:23','34ff5c2e-6625-4d6d-ad39-d1745755b3a8','OK'),('34ff5c2e-6625-4d6d-ad39-d1745755b311','ff8080815f0a1cda015f0a23d41e0002','仓库管理状态','2016-10-22 14:54:23','34ff5c2e-6625-4d6d-ad39-d1745755b3a8','2016-10-22 14:54:23','34ff5c2e-6625-4d6d-ad39-d1745755b3a8','OK'),('34ff5c2e-6625-4d6d-ad39-d1745755b312','ff8080815f0a1cda015f0a23d41e0002','检查状态','2016-10-22 14:54:23','34ff5c2e-6625-4d6d-ad39-d1745755b3a8','2016-10-22 14:54:23','34ff5c2e-6625-4d6d-ad39-d1745755b3a8','OK'),('34ff5c2e-6625-4d6d-ad39-d1745755b313','ff8080815f0a1cda015f0a23d41e0002','寄养状态','2016-10-22 14:54:23','34ff5c2e-6625-4d6d-ad39-d1745755b3a8','2016-10-22 14:54:23','34ff5c2e-6625-4d6d-ad39-d1745755b3a8','OK'),('34ff5c2e-6625-4d6d-ad39-d1745755b327','ff8080815f0a1cda015f0a23d41e0002','宠物状态','2016-10-22 14:54:23','34ff5c2e-6625-4d6d-ad39-d1745755b3a8','2016-10-22 14:54:23','34ff5c2e-6625-4d6d-ad39-d1745755b3a8','OK'),('34ff5c2e-6625-4d6d-ad39-d1745755b328','ff8080815f0a1cda015f0a23d41e0002','会员类型','2016-10-22 14:54:23','34ff5c2e-6625-4d6d-ad39-d1745755b3a8','2016-10-22 14:54:23','34ff5c2e-6625-4d6d-ad39-d1745755b3a8','OK'),('34ff5c2e-6625-4d6d-ad39-d1745755b329','ff8080815f0a1cda015f0a23d41e0002','拓瑞检测状态','2016-10-22 14:54:23','34ff5c2e-6625-4d6d-ad39-d1745755b3a8','2016-10-22 14:54:23','34ff5c2e-6625-4d6d-ad39-d1745755b3a8','OK'),('34ff5c2e-6625-4d6d-ad39-d1745755b330','ff8080815f0a1cda015f0a23d41e0002','拓瑞查询状态','2016-10-22 14:54:23','34ff5c2e-6625-4d6d-ad39-d1745755b3a8','2016-10-22 14:54:23','34ff5c2e-6625-4d6d-ad39-d1745755b3a8','OK'),('34ff5c2e-6625-4d6d-ad39-d1745755b331','ff8080815f0a1cda015f0a23d41e0002','销售退货状态','2016-10-22 14:54:23','34ff5c2e-6625-4d6d-ad39-d1745755b3a8','2016-10-22 14:54:23','34ff5c2e-6625-4d6d-ad39-d1745755b3a8','OK'),('34ff5c2e-6625-4d6d-ad39-d1745755b332','ff8080815f0a1cda015f0a23d41e0002','归还状态','2016-10-22 14:54:23','34ff5c2e-6625-4d6d-ad39-d1745755b3a8','2016-10-22 14:54:23','34ff5c2e-6625-4d6d-ad39-d1745755b3a8','OK'),('34ff5c2e-6625-4d6d-ad39-d1745755b333','ff8080815f0a1cda015f0a23d41e0002','退货类型','2016-10-22 14:54:23','34ff5c2e-6625-4d6d-ad39-d1745755b3a8','2016-10-22 14:54:23','34ff5c2e-6625-4d6d-ad39-d1745755b3a8','OK'),('34ff5c2e-6625-4d6d-ad39-d1745755b334','ff8080815f0a1cda015f0a23d41e0002','耗材类型','2016-10-22 14:54:23','34ff5c2e-6625-4d6d-ad39-d1745755b3a8','2016-10-22 14:54:23','34ff5c2e-6625-4d6d-ad39-d1745755b3a8','OK'),('34ff5c2e-6625-4d6d-ad39-d1745755b3a1','ff8080815f0a1cda015f0a23d41e0002','会员状态','2016-10-22 14:54:22','34ff5c2e-6625-4d6d-ad39-d1745755b3a8','2016-10-22 14:54:22','34ff5c2e-6625-4d6d-ad39-d1745755b3a8','OK'),('34ff5c2e-6625-4d6d-ad39-d1745755b3a2','ff8080815f0a1cda015f0a23d41e0002','绝育状态','2016-10-22 14:54:22','34ff5c2e-6625-4d6d-ad39-d1745755b3a8','2016-10-22 14:54:22','34ff5c2e-6625-4d6d-ad39-d1745755b3a8','OK'),('34ff5c2e-6625-4d6d-ad39-d1745755b3a3','ff8080815f0a1cda015f0a23d41e0002','疫苗联数','2016-10-22 14:54:22','34ff5c2e-6625-4d6d-ad39-d1745755b3a8','2016-10-22 14:54:22','34ff5c2e-6625-4d6d-ad39-d1745755b3a8','OK'),('34ff5c2e-6625-4d6d-ad39-d1745755b3a4','ff8080815f0a1cda015f0a23d41e0002','单联名称','2016-10-22 14:54:22','34ff5c2e-6625-4d6d-ad39-d1745755b3a8','2016-10-22 14:54:22','34ff5c2e-6625-4d6d-ad39-d1745755b3a8','OK'),('34ff5c2e-6625-4d6d-ad39-d1745755b3a5','ff8080815f0a1cda015f0a23d41e0002','提醒状态','2016-10-22 14:54:22','34ff5c2e-6625-4d6d-ad39-d1745755b3a8','2016-10-22 14:54:22','34ff5c2e-6625-4d6d-ad39-d1745755b3a8','OK'),('34ff5c2e-6625-4d6d-ad39-d1745755b3a6','ff8080815f0a1cda015f0a23d41e0002','执行状态','2016-10-22 14:54:23','34ff5c2e-6625-4d6d-ad39-d1745755b3a8','2016-10-22 14:54:23','34ff5c2e-6625-4d6d-ad39-d1745755b3a8','OK'),('34ff5c2e-6625-4d6d-ad39-d1745755b3a7','ff8080815f0a1cda015f0a23d41e0002','取药状态','2016-10-22 14:54:23','34ff5c2e-6625-4d6d-ad39-d1745755b3a8','2016-10-22 14:54:23','34ff5c2e-6625-4d6d-ad39-d1745755b3a8','OK'),('34ff5c2e-6625-4d6d-ad39-d1745755b3a8','ff8080815f0a1cda015f0a23d41e0002','就诊状态','2016-10-22 14:54:23','34ff5c2e-6625-4d6d-ad39-d1745755b3a8','2016-10-22 14:54:23','34ff5c2e-6625-4d6d-ad39-d1745755b3a8','OK'),('34ff5c2e-6625-4d6d-ad39-d1745755b3a9','ff8080815f0a1cda015f0a23d41e0002','住院状态','2016-10-22 14:54:23','34ff5c2e-6625-4d6d-ad39-d1745755b3a8','2016-10-22 14:54:23','34ff5c2e-6625-4d6d-ad39-d1745755b3a8','OK');
/*!40000 ALTER TABLE `t_dict_type` ENABLE KEYS */;
UNLOCK TABLES;

--
-- Table structure for table `t_dict_type_detail`
--

DROP TABLE IF EXISTS `t_dict_type_detail`;
/*!40101 SET @saved_cs_client     = @@character_set_client */;
/*!40101 SET character_set_client = utf8 */;
CREATE TABLE `t_dict_type_detail` (
  `id` varchar(128) COLLATE utf8_unicode_ci NOT NULL,
  `organization` varchar(128) COLLATE utf8_unicode_ci DEFAULT NULL,
  `dict_type_id` varchar(128) COLLATE utf8_unicode_ci DEFAULT NULL,
  `dict_detail_code` varchar(128) COLLATE utf8_unicode_ci DEFAULT NULL,
  `value_name_cn` varchar(32) COLLATE utf8_unicode_ci DEFAULT NULL,
  `value_name_en` varchar(32) COLLATE utf8_unicode_ci DEFAULT NULL,
  `comments` varchar(32) COLLATE utf8_unicode_ci DEFAULT NULL,
  `create_date` datetime NOT NULL DEFAULT CURRENT_TIMESTAMP COMMENT '创建时间',
  `create_user_id` varchar(128) COLLATE utf8_unicode_ci DEFAULT NULL,
  `update_date` datetime NOT NULL DEFAULT CURRENT_TIMESTAMP COMMENT '更新时间',
  `update_user_id` varchar(128) COLLATE utf8_unicode_ci DEFAULT NULL,
  `status` varchar(128) COLLATE utf8_unicode_ci DEFAULT NULL,
  PRIMARY KEY (`id`)
) ENGINE=InnoDB DEFAULT CHARSET=utf8 COLLATE=utf8_unicode_ci;
/*!40101 SET character_set_client = @saved_cs_client */;

--
-- Dumping data for table `t_dict_type_detail`
--

LOCK TABLES `t_dict_type_detail` WRITE;
/*!40000 ALTER TABLE `t_dict_type_detail` DISABLE KEYS */;
INSERT INTO `t_dict_type_detail` VALUES ('68479670-5787-11e6-9b57-ec4aad85924d','ff8080815f0a1cda015f0a23d41e0002','34ff5c2e-6625-4d6d-ad39-d1745755b3a1','SM00001','正常','','','2016-10-22 14:54:20','34ff5c2e-6625-4d6d-ad39-d1745755b3a8','2016-10-22 14:54:20','34ff5c2e-6625-4d6d-ad39-d1745755b3a8','OK'),('6847a53e-5787-11e6-9b57-ec4aad85924d','ff8080815f0a1cda015f0a23d41e0002','34ff5c2e-6625-4d6d-ad39-d1745755b3a1','SM00002','停用','','','2016-10-22 14:54:20','34ff5c2e-6625-4d6d-ad39-d1745755b3a8','2016-10-22 14:54:20','34ff5c2e-6625-4d6d-ad39-d1745755b3a8','OK'),('6847b614-5787-11e6-9b57-ec4aad85924d','ff8080815f0a1cda015f0a23d41e0002','34ff5c2e-6625-4d6d-ad39-d1745755b3a2','SM00003','未绝育','','','2016-10-22 14:54:20','34ff5c2e-6625-4d6d-ad39-d1745755b3a8','2016-10-22 14:54:20','34ff5c2e-6625-4d6d-ad39-d1745755b3a8','OK'),('6847d8b0-5787-11e6-9b57-ec4aad85924d','ff8080815f0a1cda015f0a23d41e0002','34ff5c2e-6625-4d6d-ad39-d1745755b3a2','SM00004','已绝育','','','2016-10-22 14:54:20','34ff5c2e-6625-4d6d-ad39-d1745755b3a8','2016-10-22 14:54:20','34ff5c2e-6625-4d6d-ad39-d1745755b3a8','OK'),('6848029a-5787-11e6-9b57-ec4aad85924d','ff8080815f0a1cda015f0a23d41e0002','34ff5c2e-6625-4d6d-ad39-d1745755b3a3','SM00005','一联','','','2016-10-22 14:54:20','34ff5c2e-6625-4d6d-ad39-d1745755b3a8','2016-10-22 14:54:20','34ff5c2e-6625-4d6d-ad39-d1745755b3a8','OK'),('684832c4-5787-11e6-9b57-ec4aad85924d','ff8080815f0a1cda015f0a23d41e0002','34ff5c2e-6625-4d6d-ad39-d1745755b3a3','SM00006','二联','','','2016-10-22 14:54:20','34ff5c2e-6625-4d6d-ad39-d1745755b3a8','2016-10-22 14:54:20','34ff5c2e-6625-4d6d-ad39-d1745755b3a8','OK'),('68485c22-5787-11e6-9b57-ec4aad85924d','ff8080815f0a1cda015f0a23d41e0002','34ff5c2e-6625-4d6d-ad39-d1745755b3a3','SM00007','三联','','','2016-10-22 14:54:20','34ff5c2e-6625-4d6d-ad39-d1745755b3a8','2016-10-22 14:54:20','34ff5c2e-6625-4d6d-ad39-d1745755b3a8','OK'),('68488616-5787-11e6-9b57-ec4aad85924d','ff8080815f0a1cda015f0a23d41e0002','34ff5c2e-6625-4d6d-ad39-d1745755b3a3','SM00008','四联','','','2016-10-22 14:54:20','34ff5c2e-6625-4d6d-ad39-d1745755b3a8','2016-10-22 14:54:20','34ff5c2e-6625-4d6d-ad39-d1745755b3a8','OK'),('6848bf28-5787-11e6-9b57-ec4aad85924d','ff8080815f0a1cda015f0a23d41e0002','34ff5c2e-6625-4d6d-ad39-d1745755b3a3','SM00009','五联','','','2016-10-22 14:54:20','34ff5c2e-6625-4d6d-ad39-d1745755b3a8','2016-10-22 14:54:20','34ff5c2e-6625-4d6d-ad39-d1745755b3a8','OK'),('6848ef52-5787-11e6-9b57-ec4aad85924d','ff8080815f0a1cda015f0a23d41e0002','34ff5c2e-6625-4d6d-ad39-d1745755b3a3','SM00010','六联','','','2016-10-22 14:54:20','34ff5c2e-6625-4d6d-ad39-d1745755b3a8','2016-10-22 14:54:20','34ff5c2e-6625-4d6d-ad39-d1745755b3a8','OK'),('684922b0-5787-11e6-9b57-ec4aad85924d','ff8080815f0a1cda015f0a23d41e0002','34ff5c2e-6625-4d6d-ad39-d1745755b3a3','SM00011','七联','','','2016-10-22 14:54:20','34ff5c2e-6625-4d6d-ad39-d1745755b3a8','2016-10-22 14:54:20','34ff5c2e-6625-4d6d-ad39-d1745755b3a8','OK'),('68494506-5787-11e6-9b57-ec4aad85924d','ff8080815f0a1cda015f0a23d41e0002','34ff5c2e-6625-4d6d-ad39-d1745755b3a3','SM00012','八联','','','2016-10-22 14:54:20','34ff5c2e-6625-4d6d-ad39-d1745755b3a8','2016-10-22 14:54:20','34ff5c2e-6625-4d6d-ad39-d1745755b3a8','OK'),('68497b02-5787-11e6-9b57-ec4aad85924d','ff8080815f0a1cda015f0a23d41e0002','34ff5c2e-6625-4d6d-ad39-d1745755b3a3','SM00013','九联','','','2016-10-22 14:54:20','34ff5c2e-6625-4d6d-ad39-d1745755b3a8','2016-10-22 14:54:20','34ff5c2e-6625-4d6d-ad39-d1745755b3a8','OK'),('6849b720-5787-11e6-9b57-ec4aad85924d','ff8080815f0a1cda015f0a23d41e0002','34ff5c2e-6625-4d6d-ad39-d1745755b3a3','SM00014','十联','','','2016-10-22 14:54:20','34ff5c2e-6625-4d6d-ad39-d1745755b3a8','2016-10-22 14:54:20','34ff5c2e-6625-4d6d-ad39-d1745755b3a8','OK'),('6849e434-5787-11e6-9b57-ec4aad85924d','ff8080815f0a1cda015f0a23d41e0002','34ff5c2e-6625-4d6d-ad39-d1745755b3a4','SM00015','首免','','','2016-10-22 14:54:20','34ff5c2e-6625-4d6d-ad39-d1745755b3a8','2016-10-22 14:54:20','34ff5c2e-6625-4d6d-ad39-d1745755b3a8','OK'),('6849f7c6-5787-11e6-9b57-ec4aad85924d','ff8080815f0a1cda015f0a23d41e0002','34ff5c2e-6625-4d6d-ad39-d1745755b3a4','SM00016','1免','','','2016-10-22 14:54:20','34ff5c2e-6625-4d6d-ad39-d1745755b3a8','2016-10-22 14:54:20','34ff5c2e-6625-4d6d-ad39-d1745755b3a8','OK'),('684a08ec-5787-11e6-9b57-ec4aad85924d','ff8080815f0a1cda015f0a23d41e0002','34ff5c2e-6625-4d6d-ad39-d1745755b3a4','SM00017','2免','','','2016-10-22 14:54:20','34ff5c2e-6625-4d6d-ad39-d1745755b3a8','2016-10-22 14:54:20','34ff5c2e-6625-4d6d-ad39-d1745755b3a8','OK'),('684a1a4e-5787-11e6-9b57-ec4aad85924d','ff8080815f0a1cda015f0a23d41e0002','34ff5c2e-6625-4d6d-ad39-d1745755b3a4','SM00018','3免','','','2016-10-22 14:54:20','34ff5c2e-6625-4d6d-ad39-d1745755b3a8','2016-10-22 14:54:20','34ff5c2e-6625-4d6d-ad39-d1745755b3a8','OK'),('684a2eb2-5787-11e6-9b57-ec4aad85924d','ff8080815f0a1cda015f0a23d41e0002','34ff5c2e-6625-4d6d-ad39-d1745755b3a4','SM00019','4免','','','2016-10-22 14:54:21','34ff5c2e-6625-4d6d-ad39-d1745755b3a8','2016-10-22 14:54:21','34ff5c2e-6625-4d6d-ad39-d1745755b3a8','OK'),('684a3fa6-5787-11e6-9b57-ec4aad85924d','ff8080815f0a1cda015f0a23d41e0002','34ff5c2e-6625-4d6d-ad39-d1745755b3a4','SM00020','5免','','','2016-10-22 14:54:21','34ff5c2e-6625-4d6d-ad39-d1745755b3a8','2016-10-22 14:54:21','34ff5c2e-6625-4d6d-ad39-d1745755b3a8','OK'),('684a4fa0-5787-11e6-9b57-ec4aad85924d','ff8080815f0a1cda015f0a23d41e0002','34ff5c2e-6625-4d6d-ad39-d1745755b3a4','SM00021','6免','','','2016-10-22 14:54:21','34ff5c2e-6625-4d6d-ad39-d1745755b3a8','2016-10-22 14:54:21','34ff5c2e-6625-4d6d-ad39-d1745755b3a8','OK'),('684a6076-5787-11e6-9b57-ec4aad85924d','ff8080815f0a1cda015f0a23d41e0002','34ff5c2e-6625-4d6d-ad39-d1745755b3a4','SM00022','7免','','','2016-10-22 14:54:21','34ff5c2e-6625-4d6d-ad39-d1745755b3a8','2016-10-22 14:54:21','34ff5c2e-6625-4d6d-ad39-d1745755b3a8','OK'),('684a6fd0-5787-11e6-9b57-ec4aad85924d','ff8080815f0a1cda015f0a23d41e0002','34ff5c2e-6625-4d6d-ad39-d1745755b3a4','SM00023','8免','','','2016-10-22 14:54:21','34ff5c2e-6625-4d6d-ad39-d1745755b3a8','2016-10-22 14:54:21','34ff5c2e-6625-4d6d-ad39-d1745755b3a8','OK'),('684a810a-5787-11e6-9b57-ec4aad85924d','ff8080815f0a1cda015f0a23d41e0002','34ff5c2e-6625-4d6d-ad39-d1745755b3a4','SM00024','9免','','','2016-10-22 14:54:21','34ff5c2e-6625-4d6d-ad39-d1745755b3a8','2016-10-22 14:54:21','34ff5c2e-6625-4d6d-ad39-d1745755b3a8','OK'),('684a9122-5787-11e6-9b57-ec4aad85924d','ff8080815f0a1cda015f0a23d41e0002','34ff5c2e-6625-4d6d-ad39-d1745755b3a4','SM00025','10免','','','2016-10-22 14:54:21','34ff5c2e-6625-4d6d-ad39-d1745755b3a8','2016-10-22 14:54:21','34ff5c2e-6625-4d6d-ad39-d1745755b3a8','OK'),('684aa144-5787-11e6-9b57-ec4aad85924d','ff8080815f0a1cda015f0a23d41e0002','34ff5c2e-6625-4d6d-ad39-d1745755b3a4','SM00026','11免','','','2016-10-22 14:54:21','34ff5c2e-6625-4d6d-ad39-d1745755b3a8','2016-10-22 14:54:21','34ff5c2e-6625-4d6d-ad39-d1745755b3a8','OK'),('684ab148-5787-11e6-9b57-ec4aad85924d','ff8080815f0a1cda015f0a23d41e0002','34ff5c2e-6625-4d6d-ad39-d1745755b3a5','SM00027','未提醒','','','2016-10-22 14:54:21','34ff5c2e-6625-4d6d-ad39-d1745755b3a8','2016-10-22 14:54:21','34ff5c2e-6625-4d6d-ad39-d1745755b3a8','OK'),('684ac16a-5787-11e6-9b57-ec4aad85924d','ff8080815f0a1cda015f0a23d41e0002','34ff5c2e-6625-4d6d-ad39-d1745755b3a5','SM00028','已提醒','','','2016-10-22 14:54:21','34ff5c2e-6625-4d6d-ad39-d1745755b3a8','2016-10-22 14:54:21','34ff5c2e-6625-4d6d-ad39-d1745755b3a8','OK'),('684ad0ec-5787-11e6-9b57-ec4aad85924d','ff8080815f0a1cda015f0a23d41e0002','34ff5c2e-6625-4d6d-ad39-d1745755b3a6','SM00029','未执行','','驱虫疫苗状态','2016-10-22 14:54:21','34ff5c2e-6625-4d6d-ad39-d1745755b3a8','2016-10-22 14:54:21','34ff5c2e-6625-4d6d-ad39-d1745755b3a8','OK'),('684adeb6-5787-11e6-9b57-ec4aad85924d','ff8080815f0a1cda015f0a23d41e0002','34ff5c2e-6625-4d6d-ad39-d1745755b3a6','SM00030','已执行','','驱虫疫苗状态','2016-10-22 14:54:21','34ff5c2e-6625-4d6d-ad39-d1745755b3a8','2016-10-22 14:54:21','34ff5c2e-6625-4d6d-ad39-d1745755b3a8','OK'),('684aeb9a-5787-11e6-9b57-ec4aad85924d','ff8080815f0a1cda015f0a23d41e0002','34ff5c2e-6625-4d6d-ad39-d1745755b3a7','SM00031','未执行','','','2016-10-22 14:54:21','34ff5c2e-6625-4d6d-ad39-d1745755b3a8','2016-10-22 14:54:21','34ff5c2e-6625-4d6d-ad39-d1745755b3a8','OK'),('684af7f2-5787-11e6-9b57-ec4aad85924d','ff8080815f0a1cda015f0a23d41e0002','34ff5c2e-6625-4d6d-ad39-d1745755b3a7','SM00032','已执行','','','2016-10-22 14:54:21','34ff5c2e-6625-4d6d-ad39-d1745755b3a8','2016-10-22 14:54:21','34ff5c2e-6625-4d6d-ad39-d1745755b3a8','OK'),('684b0684-5787-11e6-9b57-ec4aad85924d','ff8080815f0a1cda015f0a23d41e0002','34ff5c2e-6625-4d6d-ad39-d1745755b3a7','SM00033','处方已退回，就诊中止','','','2016-10-22 14:54:21','34ff5c2e-6625-4d6d-ad39-d1745755b3a8','2016-10-22 14:54:21','34ff5c2e-6625-4d6d-ad39-d1745755b3a8','OK'),('684b1476-5787-11e6-9b57-ec4aad85924d','ff8080815f0a1cda015f0a23d41e0002','34ff5c2e-6625-4d6d-ad39-d1745755b3a8','SM00034','待就诊','','','2016-10-22 14:54:21','34ff5c2e-6625-4d6d-ad39-d1745755b3a8','2016-10-22 14:54:21','34ff5c2e-6625-4d6d-ad39-d1745755b3a8','OK'),('684b239e-5787-11e6-9b57-ec4aad85924d','ff8080815f0a1cda015f0a23d41e0002','34ff5c2e-6625-4d6d-ad39-d1745755b3a8','SM00035','就诊中','','','2016-10-22 14:54:21','34ff5c2e-6625-4d6d-ad39-d1745755b3a8','2016-10-22 14:54:21','34ff5c2e-6625-4d6d-ad39-d1745755b3a8','OK'),('684b32bc-5787-11e6-9b57-ec4aad85924d','ff8080815f0a1cda015f0a23d41e0002','34ff5c2e-6625-4d6d-ad39-d1745755b3a8','SM00036','已中止','','','2016-10-22 14:54:21','34ff5c2e-6625-4d6d-ad39-d1745755b3a8','2016-10-22 14:54:21','34ff5c2e-6625-4d6d-ad39-d1745755b3a8','OK'),('684b416c-5787-11e6-9b57-ec4aad85924d','ff8080815f0a1cda015f0a23d41e0002','34ff5c2e-6625-4d6d-ad39-d1745755b3a8','SM00037','已就诊','','','2016-10-22 14:54:21','34ff5c2e-6625-4d6d-ad39-d1745755b3a8','2016-10-22 14:54:21','34ff5c2e-6625-4d6d-ad39-d1745755b3a8','OK'),('684b529c-5787-11e6-9b57-ec4aad85924d','ff8080815f0a1cda015f0a23d41e0002','34ff5c2e-6625-4d6d-ad39-d1745755b3a9','SM00038','住院中','','','2016-10-22 14:54:21','34ff5c2e-6625-4d6d-ad39-d1745755b3a8','2016-10-22 14:54:21','34ff5c2e-6625-4d6d-ad39-d1745755b3a8','OK'),('684b628c-5787-11e6-9b57-ec4aad85924d','ff8080815f0a1cda015f0a23d41e0002','34ff5c2e-6625-4d6d-ad39-d1745755b3a9','SM00039','已出院','','','2016-10-22 14:54:21','34ff5c2e-6625-4d6d-ad39-d1745755b3a8','2016-10-22 14:54:21','34ff5c2e-6625-4d6d-ad39-d1745755b3a8','OK'),('684b704c-5787-11e6-9b57-ec4aad85924d','ff8080815f0a1cda015f0a23d41e0002','34ff5c2e-6625-4d6d-ad39-d1745755b310','SM00040','未付款','','','2016-10-22 14:54:21','34ff5c2e-6625-4d6d-ad39-d1745755b3a8','2016-10-22 14:54:21','34ff5c2e-6625-4d6d-ad39-d1745755b3a8','OK'),('684b7c36-5787-11e6-9b57-ec4aad85924d','ff8080815f0a1cda015f0a23d41e0002','34ff5c2e-6625-4d6d-ad39-d1745755b310','SM00041','已记账','','','2016-10-22 14:54:21','34ff5c2e-6625-4d6d-ad39-d1745755b3a8','2016-10-22 14:54:21','34ff5c2e-6625-4d6d-ad39-d1745755b3a8','OK'),('684b8ad2-5787-11e6-9b57-ec4aad85924d','ff8080815f0a1cda015f0a23d41e0002','34ff5c2e-6625-4d6d-ad39-d1745755b311','SM00042','入库中','','','2016-10-22 14:54:21','34ff5c2e-6625-4d6d-ad39-d1745755b3a8','2016-10-22 14:54:21','34ff5c2e-6625-4d6d-ad39-d1745755b3a8','OK'),('684b9626-5787-11e6-9b57-ec4aad85924d','ff8080815f0a1cda015f0a23d41e0002','34ff5c2e-6625-4d6d-ad39-d1745755b311','SM00043','已审核','','','2016-10-22 14:54:21','34ff5c2e-6625-4d6d-ad39-d1745755b3a8','2016-10-22 14:54:21','34ff5c2e-6625-4d6d-ad39-d1745755b3a8','OK'),('684ba62a-5787-11e6-9b57-ec4aad85924d','ff8080815f0a1cda015f0a23d41e0002','34ff5c2e-6625-4d6d-ad39-d1745755b311','SM00044','调拨中','','','2016-10-22 14:54:21','34ff5c2e-6625-4d6d-ad39-d1745755b3a8','2016-10-22 14:54:21','34ff5c2e-6625-4d6d-ad39-d1745755b3a8','OK'),('684bb2be-5787-11e6-9b57-ec4aad85924d','ff8080815f0a1cda015f0a23d41e0002','34ff5c2e-6625-4d6d-ad39-d1745755b311','SM00045','出库中','','','2016-10-22 14:54:21','34ff5c2e-6625-4d6d-ad39-d1745755b3a8','2016-10-22 14:54:21','34ff5c2e-6625-4d6d-ad39-d1745755b3a8','OK'),('684bd032-5787-11e6-9b57-ec4aad85924d','ff8080815f0a1cda015f0a23d41e0002','34ff5c2e-6625-4d6d-ad39-d1745755b311','SM00046','退货中','','','2016-10-22 14:54:21','34ff5c2e-6625-4d6d-ad39-d1745755b3a8','2016-10-22 14:54:21','34ff5c2e-6625-4d6d-ad39-d1745755b3a8','OK'),('684beab8-5787-11e6-9b57-ec4aad85924d','ff8080815f0a1cda015f0a23d41e0002','34ff5c2e-6625-4d6d-ad39-d1745755b312','SM00047','未检查','','','2016-10-22 14:54:21','34ff5c2e-6625-4d6d-ad39-d1745755b3a8','2016-10-22 14:54:21','34ff5c2e-6625-4d6d-ad39-d1745755b3a8','OK'),('684c15ec-5787-11e6-9b57-ec4aad85924d','ff8080815f0a1cda015f0a23d41e0002','34ff5c2e-6625-4d6d-ad39-d1745755b312','SM00048','已检查','','','2016-10-22 14:54:21','34ff5c2e-6625-4d6d-ad39-d1745755b3a8','2016-10-22 14:54:21','34ff5c2e-6625-4d6d-ad39-d1745755b3a8','OK'),('684c3dba-5787-11e6-9b57-ec4aad85924d','ff8080815f0a1cda015f0a23d41e0002','34ff5c2e-6625-4d6d-ad39-d1745755b313','SM00049','寄养中','','','2016-10-22 14:54:21','34ff5c2e-6625-4d6d-ad39-d1745755b3a8','2016-10-22 14:54:21','34ff5c2e-6625-4d6d-ad39-d1745755b3a8','OK'),('684c66fa-5787-11e6-9b57-ec4aad85924d','ff8080815f0a1cda015f0a23d41e0002','34ff5c2e-6625-4d6d-ad39-d1745755b313','SM00050','寄养结束','','','2016-10-22 14:54:22','34ff5c2e-6625-4d6d-ad39-d1745755b3a8','2016-10-22 14:54:22','34ff5c2e-6625-4d6d-ad39-d1745755b3a8','OK'),('684c8770-5787-11e6-9b57-ec4aad85924d','ff8080815f0a1cda015f0a23d41e0002','34ff5c2e-6625-4d6d-ad39-d1745755b310','SM00051','已付款','','','2016-10-22 14:54:22','34ff5c2e-6625-4d6d-ad39-d1745755b3a8','2016-10-22 14:54:22','34ff5c2e-6625-4d6d-ad39-d1745755b3a8','OK'),('684cc014-5787-11e6-9b57-ec4aad85924d','ff8080815f0a1cda015f0a23d41e0002','34ff5c2e-6625-4d6d-ad39-d1745755b327','SM00052','在世','','','2016-10-22 14:54:22','34ff5c2e-6625-4d6d-ad39-d1745755b3a8','2016-10-22 14:54:22','34ff5c2e-6625-4d6d-ad39-d1745755b3a8','OK'),('684ceda0-5787-11e6-9b57-ec4aad85924d','ff8080815f0a1cda015f0a23d41e0002','34ff5c2e-6625-4d6d-ad39-d1745755b327','SM00053','已死亡','','','2016-10-22 14:54:22','34ff5c2e-6625-4d6d-ad39-d1745755b3a8','2016-10-22 14:54:22','34ff5c2e-6625-4d6d-ad39-d1745755b3a8','OK'),('684d0ff6-5787-11e6-9b57-ec4aad85924d','ff8080815f0a1cda015f0a23d41e0002','34ff5c2e-6625-4d6d-ad39-d1745755b328','SM00054','会员','','','2016-10-22 14:54:22','34ff5c2e-6625-4d6d-ad39-d1745755b3a8','2016-10-22 14:54:22','34ff5c2e-6625-4d6d-ad39-d1745755b3a8','OK'),('684d2f2c-5787-11e6-9b57-ec4aad85924d','ff8080815f0a1cda015f0a23d41e0002','34ff5c2e-6625-4d6d-ad39-d1745755b328','SM00055','散客','','','2016-10-22 14:54:22','34ff5c2e-6625-4d6d-ad39-d1745755b3a8','2016-10-22 14:54:22','34ff5c2e-6625-4d6d-ad39-d1745755b3a8','OK'),('684eceea-5787-11e6-9b57-ec4aad85924d','ff8080815f0a1cda015f0a23d41e0002','34ff5c2e-6625-4d6d-ad39-d1745755b331','SM00068','未审批','','','2016-10-22 14:54:22','34ff5c2e-6625-4d6d-ad39-d1745755b3a8','2016-10-22 14:54:22','34ff5c2e-6625-4d6d-ad39-d1745755b3a8','OK'),('684ef262-5787-11e6-9b57-ec4aad85924d','ff8080815f0a1cda015f0a23d41e0002','34ff5c2e-6625-4d6d-ad39-d1745755b331','SM00069','已审批','','','2016-10-22 14:54:22','34ff5c2e-6625-4d6d-ad39-d1745755b3a8','2016-10-22 14:54:22','34ff5c2e-6625-4d6d-ad39-d1745755b3a8','OK'),('684f036a-5787-11e6-9b57-ec4aad85924d','ff8080815f0a1cda015f0a23d41e0002','34ff5c2e-6625-4d6d-ad39-d1745755b332','SM00071','未归还','','','2016-10-22 14:54:22','34ff5c2e-6625-4d6d-ad39-d1745755b3a8','2016-10-22 14:54:22','34ff5c2e-6625-4d6d-ad39-d1745755b3a8','OK'),('684f136e-5787-11e6-9b57-ec4aad85924d','ff8080815f0a1cda015f0a23d41e0002','34ff5c2e-6625-4d6d-ad39-d1745755b332','SM00072','已归还','','','2016-10-22 14:54:22','34ff5c2e-6625-4d6d-ad39-d1745755b3a8','2016-10-22 14:54:22','34ff5c2e-6625-4d6d-ad39-d1745755b3a8','OK'),('684f22d2-5787-11e6-9b57-ec4aad85924d','ff8080815f0a1cda015f0a23d41e0002','34ff5c2e-6625-4d6d-ad39-d1745755b333','SM00073','销售退货','','','2016-10-22 14:54:22','34ff5c2e-6625-4d6d-ad39-d1745755b3a8','2016-10-22 14:54:22','34ff5c2e-6625-4d6d-ad39-d1745755b3a8','OK'),('684f31fa-5787-11e6-9b57-ec4aad85924d','ff8080815f0a1cda015f0a23d41e0002','34ff5c2e-6625-4d6d-ad39-d1745755b334','SM00074','化验耗材',NULL,NULL,'2016-10-22 14:54:22','34ff5c2e-6625-4d6d-ad39-d1745755b3a8','2016-10-22 14:54:22','34ff5c2e-6625-4d6d-ad39-d1745755b3a8','OK'),('684f3d80-5787-11e6-9b57-ec4aad85924d','ff8080815f0a1cda015f0a23d41e0002','34ff5c2e-6625-4d6d-ad39-d1745755b334','SM00075','影像耗材',NULL,NULL,'2016-10-22 14:54:22','34ff5c2e-6625-4d6d-ad39-d1745755b3a8','2016-10-22 14:54:22','34ff5c2e-6625-4d6d-ad39-d1745755b3a8','OK');
/*!40000 ALTER TABLE `t_dict_type_detail` ENABLE KEYS */;
UNLOCK TABLES;

--
-- Table structure for table `t_enterprise`
--

DROP TABLE IF EXISTS `t_enterprise`;
/*!40101 SET @saved_cs_client     = @@character_set_client */;
/*!40101 SET character_set_client = utf8 */;
CREATE TABLE `t_enterprise` (
  `id` varchar(128) COLLATE utf8_unicode_ci NOT NULL,
  `organization` varchar(128) COLLATE utf8_unicode_ci DEFAULT NULL,
  `full_name` varchar(32) COLLATE utf8_unicode_ci DEFAULT NULL,
  `short_name` varchar(32) COLLATE utf8_unicode_ci DEFAULT NULL,
  `ent_no` varchar(128) COLLATE utf8_unicode_ci DEFAULT NULL,
  `response_man` varchar(32) COLLATE utf8_unicode_ci DEFAULT NULL,
  `address` varchar(32) COLLATE utf8_unicode_ci DEFAULT NULL,
  `tel_phone` varchar(32) COLLATE utf8_unicode_ci DEFAULT NULL,
  `remark` longtext COLLATE utf8_unicode_ci,
  `fax` varchar(32) COLLATE utf8_unicode_ci DEFAULT NULL,
  `email_no` varchar(32) COLLATE utf8_unicode_ci DEFAULT NULL,
  `e_mail` varchar(32) COLLATE utf8_unicode_ci DEFAULT NULL,
  `area_code` varchar(32) COLLATE utf8_unicode_ci DEFAULT NULL,
  `serial_number` varchar(32) COLLATE utf8_unicode_ci DEFAULT NULL,
  `create_date` datetime NOT NULL DEFAULT CURRENT_TIMESTAMP COMMENT '创建时间',
  `create_user_id` varchar(128) COLLATE utf8_unicode_ci DEFAULT NULL,
  `update_date` datetime NOT NULL DEFAULT CURRENT_TIMESTAMP COMMENT '更新时间',
  `update_user_id` varchar(128) COLLATE utf8_unicode_ci DEFAULT NULL,
  `status` varchar(128) COLLATE utf8_unicode_ci DEFAULT NULL,
  PRIMARY KEY (`id`)
) ENGINE=InnoDB DEFAULT CHARSET=utf8 COLLATE=utf8_unicode_ci;
/*!40101 SET character_set_client = @saved_cs_client */;

--
-- Dumping data for table `t_enterprise`
--

LOCK TABLES `t_enterprise` WRITE;
/*!40000 ALTER TABLE `t_enterprise` DISABLE KEYS */;
INSERT INTO `t_enterprise` VALUES ('4028817e57eb54050157eb67b3b00000','ff8080815f0a1cda015f0a23d41e0002','北京福莱动物医院','北京福莱','1001','曹海龙','北京市大兴区亦庄镇鹿华路5号院8号楼商业108','010-50872239',NULL,NULL,NULL,NULL,'北京市大兴区亦庄镇鹿华路5号院8号楼商业108',NULL,'2016-10-22 16:00:24','fc5db3b3-4063-4a12-a511-880ba19e4b58','2016-11-07 00:07:15','fc5db3b3-4063-4a12-a511-880ba19e4b58','SM00001');
/*!40000 ALTER TABLE `t_enterprise` ENABLE KEYS */;
UNLOCK TABLES;

--
-- Table structure for table `t_gest_level`
--

DROP TABLE IF EXISTS `t_gest_level`;
/*!40101 SET @saved_cs_client     = @@character_set_client */;
/*!40101 SET character_set_client = utf8 */;
CREATE TABLE `t_gest_level` (
  `id` varchar(128) COLLATE utf8_unicode_ci NOT NULL,
  `organization` varchar(128) COLLATE utf8_unicode_ci DEFAULT NULL,
  `level_code` varchar(128) COLLATE utf8_unicode_ci DEFAULT NULL,
  `level_name` varchar(32) COLLATE utf8_unicode_ci DEFAULT NULL,
  `is_credit` varchar(5) COLLATE utf8_unicode_ci DEFAULT NULL,
  `is_discount` varchar(5) COLLATE utf8_unicode_ci DEFAULT NULL,
  `discount_rate` varchar(32) COLLATE utf8_unicode_ci DEFAULT NULL,
  `remark` varchar(96) COLLATE utf8_unicode_ci DEFAULT NULL,
  `create_date` datetime NOT NULL DEFAULT CURRENT_TIMESTAMP COMMENT '创建时间',
  `create_user_id` varchar(128) COLLATE utf8_unicode_ci DEFAULT NULL,
  `update_date` datetime NOT NULL DEFAULT CURRENT_TIMESTAMP COMMENT '更新时间',
  `update_user_id` varchar(128) COLLATE utf8_unicode_ci DEFAULT NULL,
  `status` varchar(128) COLLATE utf8_unicode_ci DEFAULT NULL,
  PRIMARY KEY (`id`)
) ENGINE=InnoDB DEFAULT CHARSET=utf8 COLLATE=utf8_unicode_ci;
/*!40101 SET character_set_client = @saved_cs_client */;

--
-- Dumping data for table `t_gest_level`
--

LOCK TABLES `t_gest_level` WRITE;
/*!40000 ALTER TABLE `t_gest_level` DISABLE KEYS */;
INSERT INTO `t_gest_level` VALUES ('402881ce59c8d6130159c8dfa9e40004','ff8080815f0a1cda015f0a23d41e0002','HYDJ00005','美容会员',NULL,NULL,NULL,NULL,'2017-01-23 09:10:18','fc5db3b3-4063-4a12-a511-880ba19e4b58','2017-01-23 09:10:18','fc5db3b3-4063-4a12-a511-880ba19e4b58','SM00001'),('402881ce5b575a77015b707f091103f5','ff8080815f0a1cda015f0a23d41e0002','HYDJ00006','医疗会员',NULL,NULL,NULL,'医疗会员','2017-04-15 15:23:45','fc5db3b3-4063-4a12-a511-880ba19e4b58','2017-04-15 15:23:45','fc5db3b3-4063-4a12-a511-880ba19e4b58','SM00001'),('402881ce5b575a77015b70806f8803f6','ff8080815f0a1cda015f0a23d41e0002','HYDJ00007','美容和医疗会员',NULL,NULL,NULL,'美容和医疗会员','2017-04-15 15:25:17','fc5db3b3-4063-4a12-a511-880ba19e4b58','2017-04-15 15:25:17','fc5db3b3-4063-4a12-a511-880ba19e4b58','SM00001'),('58127612-9824-11e6-adb2-4ccc6a1bc949','ff8080815f0a1cda015f0a23d41e0002','HYDJ000000001','普通会员','否','否','100.00',NULL,'2016-10-22 14:54:16','34ff5c2e-6625-4d6d-ad39-d1745755b3a8','2016-10-22 14:54:16','34ff5c2e-6625-4d6d-ad39-d1745755b3a8','SM00001'),('58192f5f-9824-11e6-adb2-4ccc6a1bc949','ff8080815f0a1cda015f0a23d41e0002','HYDJ000000002','银卡会员','否','是','95.00',NULL,'2016-10-22 14:54:16','34ff5c2e-6625-4d6d-ad39-d1745755b3a8','2016-10-22 14:54:16','34ff5c2e-6625-4d6d-ad39-d1745755b3a8','SM00001'),('582d60eb-9824-11e6-adb2-4ccc6a1bc949','ff8080815f0a1cda015f0a23d41e0002','HYDJ000000003','金卡会员','否','是','92.00',NULL,'2016-10-22 14:54:16','34ff5c2e-6625-4d6d-ad39-d1745755b3a8','2016-10-22 14:54:16','34ff5c2e-6625-4d6d-ad39-d1745755b3a8','SM00001'),('ff8080815c6cb6d9015c6cb9f2ef0038','ff8080815f0a1cda015f0a23d41e0002','HYDJ00009','美容(1000)',NULL,NULL,NULL,'','2017-06-03 14:52:24','fc5db3b3-4063-4a12-a511-880ba19e4b58','2017-06-03 14:52:24','fc5db3b3-4063-4a12-a511-880ba19e4b58','SM00001'),('ff8080815c6cb6d9015c6cba3c260039','ff8080815f0a1cda015f0a23d41e0002','HYDJ00010','美容(2000)',NULL,NULL,NULL,NULL,'2017-06-03 14:52:43','fc5db3b3-4063-4a12-a511-880ba19e4b58','2017-06-03 14:52:43','fc5db3b3-4063-4a12-a511-880ba19e4b58','SM00001'),('ff8080815c6cb6d9015c6cba789b003a','ff8080815f0a1cda015f0a23d41e0002','HYDJ00011','美容(5000)',NULL,NULL,NULL,NULL,'2017-06-03 14:52:58','fc5db3b3-4063-4a12-a511-880ba19e4b58','2017-06-03 14:52:58','fc5db3b3-4063-4a12-a511-880ba19e4b58','SM00001'),('ff8080815c6cb6d9015c6cbb249a003b','ff8080815f0a1cda015f0a23d41e0002','HYDJ00012','美容(1000)和医疗',NULL,NULL,NULL,NULL,'2017-06-03 14:53:42','fc5db3b3-4063-4a12-a511-880ba19e4b58','2017-06-03 14:53:42','fc5db3b3-4063-4a12-a511-880ba19e4b58','SM00001'),('ff8080815c6cb6d9015c6cbb4610003c','ff8080815f0a1cda015f0a23d41e0002','HYDJ00013','美容(2000)和医疗',NULL,NULL,NULL,NULL,'2017-06-03 14:53:51','fc5db3b3-4063-4a12-a511-880ba19e4b58','2017-06-03 14:53:51','fc5db3b3-4063-4a12-a511-880ba19e4b58','SM00001'),('ff8080815c6cb6d9015c6cbb6e70003d','ff8080815f0a1cda015f0a23d41e0002','HYDJ00014','美容(5000)和医疗',NULL,NULL,NULL,NULL,'2017-06-03 14:54:01','fc5db3b3-4063-4a12-a511-880ba19e4b58','2017-06-03 14:54:01','fc5db3b3-4063-4a12-a511-880ba19e4b58','SM00001');
/*!40000 ALTER TABLE `t_gest_level` ENABLE KEYS */;
UNLOCK TABLES;

--
-- Table structure for table `t_item_cate`
--

DROP TABLE IF EXISTS `t_item_cate`;
/*!40101 SET @saved_cs_client     = @@character_set_client */;
/*!40101 SET character_set_client = utf8 */;
CREATE TABLE `t_item_cate` (
  `id` varchar(128) COLLATE utf8_unicode_ci NOT NULL,
  `organization` varchar(128) COLLATE utf8_unicode_ci DEFAULT NULL,
  `cate_no` varchar(128) COLLATE utf8_unicode_ci DEFAULT NULL,
  `parent_id` varchar(128) COLLATE utf8_unicode_ci DEFAULT NULL,
  `cate_name` varchar(8) COLLATE utf8_unicode_ci DEFAULT NULL,
  `busi_type_id` varchar(128) COLLATE utf8_unicode_ci DEFAULT NULL,
  `single_profit` double DEFAULT NULL,
  `create_date` datetime NOT NULL DEFAULT CURRENT_TIMESTAMP COMMENT '创建时间',
  `create_user_id` varchar(128) COLLATE utf8_unicode_ci DEFAULT NULL,
  `update_date` datetime NOT NULL DEFAULT CURRENT_TIMESTAMP COMMENT '更新时间',
  `update_user_id` varchar(128) COLLATE utf8_unicode_ci DEFAULT NULL,
  `status` varchar(128) COLLATE utf8_unicode_ci DEFAULT NULL,
  PRIMARY KEY (`id`)
) ENGINE=InnoDB DEFAULT CHARSET=utf8 COLLATE=utf8_unicode_ci;
/*!40101 SET character_set_client = @saved_cs_client */;

--
-- Dumping data for table `t_item_cate`
--

LOCK TABLES `t_item_cate` WRITE;
/*!40000 ALTER TABLE `t_item_cate` DISABLE KEYS */;
INSERT INTO `t_item_cate` VALUES ('1467f659-dbf8-4ede-89fd-396b08bbdc8c','ff8080815f0a1cda015f0a23d41e0002','ICate02',NULL,'宠物食品','18644a6e-a004-4ce0-a11f-d100dfbc1caa',NULL,'2016-10-22 14:54:12','34ff5c2e-6625-4d6d-ad39-d1745755b3a8','2016-10-22 14:54:12','34ff5c2e-6625-4d6d-ad39-d1745755b3a8','OK'),('2d8d75d7-c7af-4ceb-901b-22a7141c87bc','ff8080815f0a1cda015f0a23d41e0002','ICate10',NULL,'挂号项目','51469657-32f6-46be-913a-316acb90eedf',NULL,'2016-10-22 14:54:12','34ff5c2e-6625-4d6d-ad39-d1745755b3a8','2016-10-22 14:54:12','34ff5c2e-6625-4d6d-ad39-d1745755b3a8','OK'),('405e50ad-57ce-4db1-92cb-db9aa6dfb3fc','ff8080815f0a1cda015f0a23d41e0002','ICate04',NULL,'化验项目','b2af0b06-2d84-4d24-b62c-9e72db66ad70',NULL,'2016-10-22 14:54:12','34ff5c2e-6625-4d6d-ad39-d1745755b3a8','2016-10-22 14:54:12','34ff5c2e-6625-4d6d-ad39-d1745755b3a8','OK'),('5a2ba3bf-37d2-4d18-ac49-09ab7823e40d','ff8080815f0a1cda015f0a23d41e0002','ICate01',NULL,'宠物药品','0b02ebb8-e341-420b-9267-453610635ecd',NULL,'2016-10-22 14:54:11','34ff5c2e-6625-4d6d-ad39-d1745755b3a8','2016-10-22 14:54:11','34ff5c2e-6625-4d6d-ad39-d1745755b3a8','OK'),('625da585-89d6-4435-a5e7-a9e948585d1d','ff8080815f0a1cda015f0a23d41e0002','ICate12',NULL,'美容服务','9fa7b1df-3f0d-48eb-82d3-f143e5cbb7b3',NULL,'2016-10-22 14:54:12','34ff5c2e-6625-4d6d-ad39-d1745755b3a8','2016-10-22 14:54:12','34ff5c2e-6625-4d6d-ad39-d1745755b3a8','OK'),('7b3fe252-bddd-4ffe-9527-468aaa6629b7','ff8080815f0a1cda015f0a23d41e0002','ICate06',NULL,'住院项目','97382cb9-3811-413d-91ea-d3696c5c9f18',NULL,'2016-10-22 14:54:12','34ff5c2e-6625-4d6d-ad39-d1745755b3a8','2016-10-22 14:54:12','34ff5c2e-6625-4d6d-ad39-d1745755b3a8','OK'),('907a8571-f227-4669-bb98-a14a10f04ff4','ff8080815f0a1cda015f0a23d41e0002','ICate07',NULL,'宠物手术','d4cbb873-6e1b-49cd-8e09-82c39e932dfb',NULL,'2016-10-22 14:54:12','34ff5c2e-6625-4d6d-ad39-d1745755b3a8','2016-10-22 14:54:12','34ff5c2e-6625-4d6d-ad39-d1745755b3a8','OK'),('ca3c0c8c-3132-49a2-b0f1-76d4e4dd1c6b','ff8080815f0a1cda015f0a23d41e0002','ICate08',NULL,'医疗处置','3d2d574e-f3f0-4415-9472-fc01fd24ea27',NULL,'2016-10-22 14:54:12','34ff5c2e-6625-4d6d-ad39-d1745755b3a8','2016-10-22 14:54:12','34ff5c2e-6625-4d6d-ad39-d1745755b3a8','OK'),('d7079dde-f3b0-4db6-b693-a78ddb33d02d','ff8080815f0a1cda015f0a23d41e0002','ICate11',NULL,'寄养项目','5a2ba3bf-37d2-4d18-ac49-09ab7823e40R',NULL,'2016-10-22 14:54:12','34ff5c2e-6625-4d6d-ad39-d1745755b3a8','2016-10-22 14:54:12','34ff5c2e-6625-4d6d-ad39-d1745755b3a8','OK'),('eb6ebe05-f623-47c1-8e2f-ef911756bb3c','ff8080815f0a1cda015f0a23d41e0002','ICate09',NULL,'驱虫疫苗','e1670d8a-f098-4963-9157-a8c234d9d8fb',NULL,'2016-10-22 14:54:12','34ff5c2e-6625-4d6d-ad39-d1745755b3a8','2016-10-22 14:54:12','34ff5c2e-6625-4d6d-ad39-d1745755b3a8','OK'),('f5ca1dcb-41e4-4553-b41e-f3eeda6d56f1','ff8080815f0a1cda015f0a23d41e0002','ICate05',NULL,'影像项目','abcfd990-246e-4921-a843-cca968a95e0e',NULL,'2016-10-22 14:54:12','34ff5c2e-6625-4d6d-ad39-d1745755b3a8','2016-10-22 14:54:12','34ff5c2e-6625-4d6d-ad39-d1745755b3a8','OK'),('f99a04f7-61e3-4df6-9a3d-5e2a76ea90a5','ff8080815f0a1cda015f0a23d41e0002','ICate03',NULL,'宠物用品','18644a6e-a004-4ce0-a11f-d100dfbc1caa',NULL,'2016-10-22 14:54:12','34ff5c2e-6625-4d6d-ad39-d1745755b3a8','2016-10-22 14:54:12','34ff5c2e-6625-4d6d-ad39-d1745755b3a8','OK');
/*!40000 ALTER TABLE `t_item_cate` ENABLE KEYS */;
UNLOCK TABLES;

--
-- Table structure for table `t_pet_race`
--

DROP TABLE IF EXISTS `t_pet_race`;
/*!40101 SET @saved_cs_client     = @@character_set_client */;
/*!40101 SET character_set_client = utf8 */;
CREATE TABLE `t_pet_race` (
  `id` varchar(128) COLLATE utf8_unicode_ci NOT NULL,
  `organization` varchar(128) COLLATE utf8_unicode_ci DEFAULT NULL,
  `name` varchar(8) COLLATE utf8_unicode_ci DEFAULT NULL,
  `create_date` datetime NOT NULL DEFAULT CURRENT_TIMESTAMP COMMENT '创建时间',
  `create_user_id` varchar(128) COLLATE utf8_unicode_ci DEFAULT NULL,
  `update_date` datetime NOT NULL DEFAULT CURRENT_TIMESTAMP COMMENT '更新时间',
  `update_user_id` varchar(128) COLLATE utf8_unicode_ci DEFAULT NULL,
  `status` varchar(128) COLLATE utf8_unicode_ci DEFAULT NULL,
  PRIMARY KEY (`id`)
) ENGINE=InnoDB DEFAULT CHARSET=utf8 COLLATE=utf8_unicode_ci;
/*!40101 SET character_set_client = @saved_cs_client */;

--
-- Dumping data for table `t_pet_race`
--

LOCK TABLES `t_pet_race` WRITE;
/*!40000 ALTER TABLE `t_pet_race` DISABLE KEYS */;
INSERT INTO `t_pet_race` VALUES ('1aa38af8-efd0-4fbb-8c78-d12d17cc9605','ff8080815f0a1cda015f0a23d41e0002','小型犬','2016-10-24 04:37:28','fc5db3b3-4063-4a12-a511-880ba19e4b58','2016-10-24 04:37:28','fc5db3b3-4063-4a12-a511-880ba19e4b58','OK'),('326209c2-59aa-474a-b714-49f3cba8675f','ff8080815f0a1cda015f0a23d41e0002','猫','2016-10-24 04:37:28','fc5db3b3-4063-4a12-a511-880ba19e4b58','2016-10-24 04:37:28','fc5db3b3-4063-4a12-a511-880ba19e4b58','OK'),('34ff5c2e-6625-4d6d-ad39-d1745755b3a8','ff8080815f0a1cda015f0a23d41e0002','中型犬','2016-10-24 04:37:28','fc5db3b3-4063-4a12-a511-880ba19e4b58','2016-10-24 04:37:28','fc5db3b3-4063-4a12-a511-880ba19e4b58','OK'),('41fa0032-2400-4ffc-8e16-ed4ec2e6d1c5','ff8080815f0a1cda015f0a23d41e0002','兔','2016-10-24 04:37:28','fc5db3b3-4063-4a12-a511-880ba19e4b58','2016-10-24 04:37:28','fc5db3b3-4063-4a12-a511-880ba19e4b58','OK'),('aa00b4e5-4668-494a-9799-b2ec542a7205','ff8080815f0a1cda015f0a23d41e0002','大型犬','2016-10-24 04:37:28','fc5db3b3-4063-4a12-a511-880ba19e4b58','2016-10-24 04:37:28','fc5db3b3-4063-4a12-a511-880ba19e4b58','OK');
/*!40000 ALTER TABLE `t_pet_race` ENABLE KEYS */;
UNLOCK TABLES;

--
-- Table structure for table `t_pet_small_race`
--

DROP TABLE IF EXISTS `t_pet_small_race`;
/*!40101 SET @saved_cs_client     = @@character_set_client */;
/*!40101 SET character_set_client = utf8 */;
CREATE TABLE `t_pet_small_race` (
  `id` varchar(128) COLLATE utf8_unicode_ci NOT NULL,
  `organization` varchar(128) COLLATE utf8_unicode_ci DEFAULT NULL,
  `type` varchar(8) COLLATE utf8_unicode_ci DEFAULT NULL,
  `pet_race_id` varchar(128) COLLATE utf8_unicode_ci DEFAULT NULL,
  `create_date` datetime NOT NULL DEFAULT CURRENT_TIMESTAMP COMMENT '创建时间',
  `create_user_id` varchar(128) COLLATE utf8_unicode_ci DEFAULT NULL,
  `update_date` datetime NOT NULL DEFAULT CURRENT_TIMESTAMP COMMENT '更新时间',
  `update_user_id` varchar(128) COLLATE utf8_unicode_ci DEFAULT NULL,
  `status` varchar(128) COLLATE utf8_unicode_ci DEFAULT NULL,
  PRIMARY KEY (`id`)
) ENGINE=InnoDB DEFAULT CHARSET=utf8 COLLATE=utf8_unicode_ci;
/*!40101 SET character_set_client = @saved_cs_client */;

--
-- Dumping data for table `t_pet_small_race`
--

LOCK TABLES `t_pet_small_race` WRITE;
/*!40000 ALTER TABLE `t_pet_small_race` DISABLE KEYS */;
INSERT INTO `t_pet_small_race` VALUES ('1aa38af8-efd0-4fbb-8c78-d12d17cc9605','ff8080815f0a1cda015f0a23d41e0002','吉娃娃','1aa38af8-efd0-4fbb-8c78-d12d17cc9605','2016-10-24 04:16:09','fc5db3b3-4063-4a12-a511-880ba19e4b58','2016-10-24 04:16:09','fc5db3b3-4063-4a12-a511-880ba19e4b58','OK'),('1aa38af8-efd0-4fbb-8c78-d12d17cc9606','ff8080815f0a1cda015f0a23d41e0002','博美犬','1aa38af8-efd0-4fbb-8c78-d12d17cc9605','2016-10-24 04:16:09','fc5db3b3-4063-4a12-a511-880ba19e4b58','2016-10-24 04:16:09','fc5db3b3-4063-4a12-a511-880ba19e4b58','OK'),('1aa38af8-efd0-4fbb-8c78-d12d17cc9607','ff8080815f0a1cda015f0a23d41e0002','马尔济斯犬','1aa38af8-efd0-4fbb-8c78-d12d17cc9605','2016-10-24 04:16:09','fc5db3b3-4063-4a12-a511-880ba19e4b58','2016-10-24 04:16:09','fc5db3b3-4063-4a12-a511-880ba19e4b58','OK'),('1aa38af8-efd0-4fbb-8c78-d12d17cc9608','ff8080815f0a1cda015f0a23d41e0002','约克夏梗','1aa38af8-efd0-4fbb-8c78-d12d17cc9605','2016-10-24 04:16:09','fc5db3b3-4063-4a12-a511-880ba19e4b58','2016-10-24 04:16:09','fc5db3b3-4063-4a12-a511-880ba19e4b58','OK'),('1aa38af8-efd0-4fbb-8c78-d12d17cc9609','ff8080815f0a1cda015f0a23d41e0002','贵宾犬','1aa38af8-efd0-4fbb-8c78-d12d17cc9605','2016-10-24 04:16:09','fc5db3b3-4063-4a12-a511-880ba19e4b58','2016-10-24 04:16:09','fc5db3b3-4063-4a12-a511-880ba19e4b58','OK'),('1aa38af8-efd0-4fbb-8c78-d12d17cc9610','ff8080815f0a1cda015f0a23d41e0002','京巴犬','1aa38af8-efd0-4fbb-8c78-d12d17cc9605','2016-10-24 04:16:09','fc5db3b3-4063-4a12-a511-880ba19e4b58','2016-10-24 04:16:09','fc5db3b3-4063-4a12-a511-880ba19e4b58','OK'),('1aa38af8-efd0-4fbb-8c78-d12d17cc9611','ff8080815f0a1cda015f0a23d41e0002','蝴蝶犬','1aa38af8-efd0-4fbb-8c78-d12d17cc9605','2016-10-24 04:16:09','fc5db3b3-4063-4a12-a511-880ba19e4b58','2016-10-24 04:16:09','fc5db3b3-4063-4a12-a511-880ba19e4b58','OK'),('1aa38af8-efd0-4fbb-8c78-d12d17cc9612','ff8080815f0a1cda015f0a23d41e0002','巴哥犬','1aa38af8-efd0-4fbb-8c78-d12d17cc9605','2016-10-24 04:16:09','fc5db3b3-4063-4a12-a511-880ba19e4b58','2016-10-24 04:16:09','fc5db3b3-4063-4a12-a511-880ba19e4b58','OK'),('1aa38af8-efd0-4fbb-8c78-d12d17cc9613','ff8080815f0a1cda015f0a23d41e0002','比格犬','1aa38af8-efd0-4fbb-8c78-d12d17cc9605','2016-10-24 04:16:09','fc5db3b3-4063-4a12-a511-880ba19e4b58','2016-10-24 04:16:09','fc5db3b3-4063-4a12-a511-880ba19e4b58','OK'),('1aa38af8-efd0-4fbb-8c78-d12d17cc9615','ff8080815f0a1cda015f0a23d41e0002','松狮','34ff5c2e-6625-4d6d-ad39-d1745755b3a8','2016-10-24 04:16:09','fc5db3b3-4063-4a12-a511-880ba19e4b58','2016-10-24 04:16:09','fc5db3b3-4063-4a12-a511-880ba19e4b58','OK'),('1aa38af8-efd0-4fbb-8c78-d12d17cc9616','ff8080815f0a1cda015f0a23d41e0002','萨摩耶','34ff5c2e-6625-4d6d-ad39-d1745755b3a8','2016-10-24 04:16:09','fc5db3b3-4063-4a12-a511-880ba19e4b58','2016-10-24 04:16:09','fc5db3b3-4063-4a12-a511-880ba19e4b58','OK'),('1aa38af8-efd0-4fbb-8c78-d12d17cc9617','ff8080815f0a1cda015f0a23d41e0002','喜乐蒂','34ff5c2e-6625-4d6d-ad39-d1745755b3a8','2016-10-24 04:16:10','fc5db3b3-4063-4a12-a511-880ba19e4b58','2016-10-24 04:16:10','fc5db3b3-4063-4a12-a511-880ba19e4b58','OK'),('1aa38af8-efd0-4fbb-8c78-d12d17cc9618','ff8080815f0a1cda015f0a23d41e0002','柴犬','34ff5c2e-6625-4d6d-ad39-d1745755b3a8','2016-10-24 04:16:10','fc5db3b3-4063-4a12-a511-880ba19e4b58','2016-10-24 04:16:10','fc5db3b3-4063-4a12-a511-880ba19e4b58','OK'),('1aa38af8-efd0-4fbb-8c78-d12d17cc9619','ff8080815f0a1cda015f0a23d41e0002','腊肠犬','34ff5c2e-6625-4d6d-ad39-d1745755b3a8','2016-10-24 04:16:10','fc5db3b3-4063-4a12-a511-880ba19e4b58','2016-10-24 04:16:10','fc5db3b3-4063-4a12-a511-880ba19e4b58','OK'),('1aa38af8-efd0-4fbb-8c78-d12d17cc9620','ff8080815f0a1cda015f0a23d41e0002','拉布拉多犬','34ff5c2e-6625-4d6d-ad39-d1745755b3a8','2016-10-24 04:16:10','fc5db3b3-4063-4a12-a511-880ba19e4b58','2016-10-24 04:16:10','fc5db3b3-4063-4a12-a511-880ba19e4b58','OK'),('1aa38af8-efd0-4fbb-8c78-d12d17cc9621','ff8080815f0a1cda015f0a23d41e0002','中国沙皮犬','34ff5c2e-6625-4d6d-ad39-d1745755b3a8','2016-10-24 04:16:10','fc5db3b3-4063-4a12-a511-880ba19e4b58','2016-10-24 04:16:10','fc5db3b3-4063-4a12-a511-880ba19e4b58','OK'),('1aa38af8-efd0-4fbb-8c78-d12d17cc9622','ff8080815f0a1cda015f0a23d41e0002','金毛寻回犬','aa00b4e5-4668-494a-9799-b2ec542a7205','2016-10-24 04:16:10','fc5db3b3-4063-4a12-a511-880ba19e4b58','2016-10-24 04:16:10','fc5db3b3-4063-4a12-a511-880ba19e4b58','OK'),('1aa38af8-efd0-4fbb-8c78-d12d17cc9623','ff8080815f0a1cda015f0a23d41e0002','苏格兰牧羊犬','aa00b4e5-4668-494a-9799-b2ec542a7205','2016-10-24 04:16:10','fc5db3b3-4063-4a12-a511-880ba19e4b58','2016-10-24 04:16:10','fc5db3b3-4063-4a12-a511-880ba19e4b58','OK'),('1aa38af8-efd0-4fbb-8c78-d12d17cc9624','ff8080815f0a1cda015f0a23d41e0002','美国短毛猫','326209c2-59aa-474a-b714-49f3cba8675f','2016-10-24 04:16:10','fc5db3b3-4063-4a12-a511-880ba19e4b58','2016-10-24 04:16:10','fc5db3b3-4063-4a12-a511-880ba19e4b58','OK'),('1aa38af8-efd0-4fbb-8c78-d12d17cc9625','ff8080815f0a1cda015f0a23d41e0002','布偶猫','326209c2-59aa-474a-b714-49f3cba8675f','2016-10-24 04:16:10','fc5db3b3-4063-4a12-a511-880ba19e4b58','2016-10-24 04:16:10','fc5db3b3-4063-4a12-a511-880ba19e4b58','OK'),('1aa38af8-efd0-4fbb-8c78-d12d17cc9629','ff8080815f0a1cda015f0a23d41e0002','波斯猫','326209c2-59aa-474a-b714-49f3cba8675f','2016-10-24 04:16:10','fc5db3b3-4063-4a12-a511-880ba19e4b58','2016-10-24 04:16:10','fc5db3b3-4063-4a12-a511-880ba19e4b58','OK'),('4028817e57f3412d0157f4488c310014','ff8080815f0a1cda015f0a23d41e0002','比熊','1aa38af8-efd0-4fbb-8c78-d12d17cc9605','2016-10-24 09:22:57','4028817e57f326fe0157f352f07d0000','2016-10-24 09:22:57','4028817e57f326fe0157f352f07d0000','SM00001'),('4028817e57f6b55101580402471c00a6','ff8080815f0a1cda015f0a23d41e0002','泰迪犬','1aa38af8-efd0-4fbb-8c78-d12d17cc9605','2016-10-27 10:40:07','4028817e57f326fe0157f352f07d0000','2016-10-27 10:40:21','4028817e57f326fe0157f352f07d0000','SM00001'),('4028817e583a94a201586212aa070bb9','ff8080815f0a1cda015f0a23d41e0002','中华田园犬','1aa38af8-efd0-4fbb-8c78-d12d17cc9605','2016-11-14 17:02:20','4028817e5815ac51015818d557680001','2016-11-14 17:02:20','4028817e5815ac51015818d557680001','SM00001'),('4028817e583a94a201586213c1370bbb','ff8080815f0a1cda015f0a23d41e0002','中华田园猫','326209c2-59aa-474a-b714-49f3cba8675f','2016-11-14 17:03:31','4028817e5815ac51015818d557680001','2016-11-14 17:03:31','4028817e5815ac51015818d557680001','SM00001'),('4028817e583a94a201587f4e32200c38','ff8080815f0a1cda015f0a23d41e0002','蓝猫','326209c2-59aa-474a-b714-49f3cba8675f','2016-11-20 09:16:20','4028817e57f326fe0157f352f07d0000','2016-11-20 09:16:42','4028817e57f326fe0157f352f07d0000','SM00001'),('4028817e583a94a201587f4ec3360c39','ff8080815f0a1cda015f0a23d41e0002','雪纳瑞','1aa38af8-efd0-4fbb-8c78-d12d17cc9605','2016-11-20 09:16:58','4028817e57f326fe0157f352f07d0000','2016-11-20 09:16:58','4028817e57f326fe0157f352f07d0000','SM00001'),('4028817e583a94a201587f4f09180c3a','ff8080815f0a1cda015f0a23d41e0002','折耳','326209c2-59aa-474a-b714-49f3cba8675f','2016-11-20 09:17:15','4028817e57f326fe0157f352f07d0000','2016-11-20 09:17:15','4028817e57f326fe0157f352f07d0000','SM00001'),('4028817e583a94a201587f5acac00c3b','ff8080815f0a1cda015f0a23d41e0002','暹罗猫','326209c2-59aa-474a-b714-49f3cba8675f','2016-11-20 09:30:06','4028817e57f326fe0157f352f07d0000','2016-11-20 09:30:06','4028817e57f326fe0157f352f07d0000','SM00001'),('402881ce59ab63e20159b0589415006d','ff8080815f0a1cda015f0a23d41e0002','英国短毛猫','326209c2-59aa-474a-b714-49f3cba8675f','2017-01-18 14:51:52','4028817e5815ac51015815b193850000','2017-01-18 14:52:48','4028817e5815ac51015815b193850000','SM00001'),('402881ce59ab63e20159b05c09cf0072','ff8080815f0a1cda015f0a23d41e0002','加菲猫','326209c2-59aa-474a-b714-49f3cba8675f','2017-01-18 14:55:38','4028817e5815ac51015815b193850000','2017-01-18 14:55:38','4028817e5815ac51015815b193850000','SM00001'),('402881ce59ab63e20159b05d37060074','ff8080815f0a1cda015f0a23d41e0002','阿拉斯加','aa00b4e5-4668-494a-9799-b2ec542a7205','2017-01-18 14:56:56','4028817e5815ac51015815b193850000','2017-01-18 14:56:56','4028817e5815ac51015815b193850000','SM00001'),('402881ce59ab63e20159b05daebc0077','ff8080815f0a1cda015f0a23d41e0002','杜高','aa00b4e5-4668-494a-9799-b2ec542a7205','2017-01-18 14:57:26','4028817e5815ac51015815b193850000','2017-01-18 14:57:26','4028817e5815ac51015815b193850000','SM00001'),('402881ce59ab63e20159b05dc7b90078','ff8080815f0a1cda015f0a23d41e0002','杜宾','aa00b4e5-4668-494a-9799-b2ec542a7205','2017-01-18 14:57:33','4028817e5815ac51015815b193850000','2017-01-18 14:57:33','4028817e5815ac51015815b193850000','SM00001'),('402881ce59ab63e20159b05e0a860079','ff8080815f0a1cda015f0a23d41e0002','灵缇','aa00b4e5-4668-494a-9799-b2ec542a7205','2017-01-18 14:57:50','4028817e5815ac51015815b193850000','2017-01-18 14:57:50','4028817e5815ac51015815b193850000','SM00001'),('402881ce59ab63e20159b05e8b9e007a','ff8080815f0a1cda015f0a23d41e0002','德国牧羊犬','aa00b4e5-4668-494a-9799-b2ec542a7205','2017-01-18 14:58:23','4028817e5815ac51015815b193850000','2017-01-18 14:58:23','4028817e5815ac51015815b193850000','SM00001'),('402881ce59ab63e20159b05f05a30081','ff8080815f0a1cda015f0a23d41e0002','哈士奇','aa00b4e5-4668-494a-9799-b2ec542a7205','2017-01-18 14:58:54','4028817e5815ac51015815b193850000','2017-01-18 14:58:54','4028817e5815ac51015815b193850000','SM00001'),('402881ce59ab63e20159b05fcab10082','ff8080815f0a1cda015f0a23d41e0002','秋田犬','aa00b4e5-4668-494a-9799-b2ec542a7205','2017-01-18 14:59:44','4028817e5815ac51015815b193850000','2017-01-18 14:59:44','4028817e5815ac51015815b193850000','SM00001'),('402881ce59ab63e20159b0651883008a','ff8080815f0a1cda015f0a23d41e0002','英国斗牛犬','34ff5c2e-6625-4d6d-ad39-d1745755b3a8','2017-01-18 15:05:32','4028817e5815ac51015815b193850000','2017-01-18 15:05:32','4028817e5815ac51015815b193850000','SM00001'),('402881ce59ab63e20159b0654721008b','ff8080815f0a1cda015f0a23d41e0002','法国斗牛犬','1aa38af8-efd0-4fbb-8c78-d12d17cc9605','2017-01-18 15:05:44','4028817e5815ac51015815b193850000','2017-01-18 15:05:44','4028817e5815ac51015815b193850000','SM00001'),('402881ce59ab63e20159b0661e0e008d','ff8080815f0a1cda015f0a23d41e0002','古代牧羊犬','aa00b4e5-4668-494a-9799-b2ec542a7205','2017-01-18 15:06:39','4028817e5815ac51015815b193850000','2017-01-18 15:06:39','4028817e5815ac51015815b193850000','SM00001'),('402881ce59ab63e20159b0681870008e','ff8080815f0a1cda015f0a23d41e0002','牛头梗','34ff5c2e-6625-4d6d-ad39-d1745755b3a8','2017-01-18 15:08:49','4028817e5815ac51015815b193850000','2017-01-18 15:08:49','4028817e5815ac51015815b193850000','SM00001'),('402881ce59ab63e20159b06842cc008f','ff8080815f0a1cda015f0a23d41e0002','西高地白梗','1aa38af8-efd0-4fbb-8c78-d12d17cc9605','2017-01-18 15:08:59','4028817e5815ac51015815b193850000','2017-01-18 15:08:59','4028817e5815ac51015815b193850000','SM00001'),('402881ce59ab63e20159b06a7f170090','ff8080815f0a1cda015f0a23d41e0002','巨型贵宾','aa00b4e5-4668-494a-9799-b2ec542a7205','2017-01-18 15:11:26','4028817e5815ac51015815b193850000','2017-01-18 15:11:26','4028817e5815ac51015815b193850000','SM00001'),('402881ce59ab63e20159b06abac30091','ff8080815f0a1cda015f0a23d41e0002','迷你杜宾','1aa38af8-efd0-4fbb-8c78-d12d17cc9605','2017-01-18 15:11:41','4028817e5815ac51015815b193850000','2017-01-18 15:11:41','4028817e5815ac51015815b193850000','SM00001'),('402881ce59ab63e20159b06cba660094','ff8080815f0a1cda015f0a23d41e0002','阿富汗猎犬','aa00b4e5-4668-494a-9799-b2ec542a7205','2017-01-18 15:13:52','4028817e5815ac51015815b193850000','2017-01-18 15:13:52','4028817e5815ac51015815b193850000','SM00001'),('402881ce59ab63e20159b06f4f530096','ff8080815f0a1cda015f0a23d41e0002','柯基','1aa38af8-efd0-4fbb-8c78-d12d17cc9605','2017-01-18 15:16:41','4028817e5815ac51015815b193850000','2017-01-18 15:16:41','4028817e5815ac51015815b193850000','SM00001'),('402881ce59ab63e20159b0714ca40099','ff8080815f0a1cda015f0a23d41e0002','鹿犬','1aa38af8-efd0-4fbb-8c78-d12d17cc9605','2017-01-18 15:18:52','4028817e5815ac51015815b193850000','2017-01-18 15:18:52','4028817e5815ac51015815b193850000','SM00001'),('402881ce59ab63e20159b071c06c009a','ff8080815f0a1cda015f0a23d41e0002','大白熊','aa00b4e5-4668-494a-9799-b2ec542a7205','2017-01-18 15:19:21','4028817e5815ac51015815b193850000','2017-01-18 15:19:21','4028817e5815ac51015815b193850000','SM00001'),('402881ce59ab63e20159b071d7c3009b','ff8080815f0a1cda015f0a23d41e0002','罗威纳','aa00b4e5-4668-494a-9799-b2ec542a7205','2017-01-18 15:19:27','4028817e5815ac51015815b193850000','2017-01-18 15:19:27','4028817e5815ac51015815b193850000','SM00001'),('402881ce59ab63e20159b0731e63009c','ff8080815f0a1cda015f0a23d41e0002','贝灵顿','34ff5c2e-6625-4d6d-ad39-d1745755b3a8','2017-01-18 15:20:51','4028817e5815ac51015815b193850000','2017-01-18 15:20:51','4028817e5815ac51015815b193850000','SM00001'),('402881ce59ab63e20159b07381c6009d','ff8080815f0a1cda015f0a23d41e0002','高加索','aa00b4e5-4668-494a-9799-b2ec542a7205','2017-01-18 15:21:16','4028817e5815ac51015815b193850000','2017-01-18 15:21:16','4028817e5815ac51015815b193850000','SM00001'),('402881ce59c8fc470159c94285900019','ff8080815f0a1cda015f0a23d41e0002','垂耳兔','41fa0032-2400-4ffc-8e16-ed4ec2e6d1c5','2017-01-23 10:58:17','4028817e5839f26801583a6798440003','2017-01-23 10:58:25','4028817e5839f26801583a6798440003','SM00001'),('402881ce59c8fc470159c942f7c7001a','ff8080815f0a1cda015f0a23d41e0002','长毛兔','41fa0032-2400-4ffc-8e16-ed4ec2e6d1c5','2017-01-23 10:58:46','4028817e5839f26801583a6798440003','2017-01-23 10:58:46','4028817e5839f26801583a6798440003','SM00001'),('402881ce59c8fc470159c943a532001b','ff8080815f0a1cda015f0a23d41e0002','灵狐','34ff5c2e-6625-4d6d-ad39-d1745755b3a8','2017-01-23 10:59:30','4028817e5839f26801583a6798440003','2017-01-23 10:59:30','4028817e5839f26801583a6798440003','SM00001'),('402881ce5a27f511015a30ca35a701eb','ff8080815f0a1cda015f0a23d41e0002','边境牧羊犬','34ff5c2e-6625-4d6d-ad39-d1745755b3a8','2017-02-12 13:27:22','4028817e5815ac51015815b193850000','2017-02-12 13:27:22','4028817e5815ac51015815b193850000','SM00001'),('402881ce5a639402015a7d74863f090b','ff8080815f0a1cda015f0a23d41e0002','斑点犬','34ff5c2e-6625-4d6d-ad39-d1745755b3a8','2017-02-27 10:44:32','4028817e5839f26801583a6798440003','2017-02-27 10:44:32','4028817e5839f26801583a6798440003','SM00001'),('ff8080815c576a16015c6bcc1d0b097c','ff8080815f0a1cda015f0a23d41e0002','史宾格','34ff5c2e-6625-4d6d-ad39-d1745755b3a8','2017-06-03 10:32:37','4028817e5839f26801583a6798440003','2017-06-03 10:32:44','4028817e5839f26801583a6798440003','SM00001'),('ff8080815c6cb6d9015c6d936ed10135','ff8080815f0a1cda015f0a23d41e0002','斯塔福','34ff5c2e-6625-4d6d-ad39-d1745755b3a8','2017-06-03 18:49:57','4028817e5839f26801583a6798440003','2017-06-03 18:49:57','4028817e5839f26801583a6798440003','SM00001'),('ff8080815cdfb60c015cecb1d47a02dd','ff8080815f0a1cda015f0a23d41e0002','卡斯罗','aa00b4e5-4668-494a-9799-b2ec542a7205','2017-06-28 11:14:56','4028817e5839f26801583a6798440003','2017-06-28 11:14:56','4028817e5839f26801583a6798440003','SM00001'),('ff8080815d4d5460015d67ece2790635','ff8080815f0a1cda015f0a23d41e0002','豹猫','326209c2-59aa-474a-b714-49f3cba8675f','2017-07-22 09:32:44','4028817e5839f26801583a6798440003','2017-07-22 09:33:08','4028817e5839f26801583a6798440003','SM00001');
/*!40000 ALTER TABLE `t_pet_small_race` ENABLE KEYS */;
UNLOCK TABLES;

--
-- Table structure for table `t_user_dict`
--

DROP TABLE IF EXISTS `t_user_dict`;
/*!40101 SET @saved_cs_client     = @@character_set_client */;
/*!40101 SET character_set_client = utf8 */;
CREATE TABLE `t_user_dict` (
  `id` varchar(128) COLLATE utf8_unicode_ci NOT NULL,
  `organization` varchar(128) COLLATE utf8_unicode_ci DEFAULT NULL,
  `dict_name` varchar(8) COLLATE utf8_unicode_ci DEFAULT NULL,
  `can_edit` varchar(5) COLLATE utf8_unicode_ci DEFAULT NULL,
  `can_view` varchar(5) COLLATE utf8_unicode_ci DEFAULT NULL,
  `create_date` datetime NOT NULL DEFAULT CURRENT_TIMESTAMP COMMENT '创建时间',
  `create_user_id` varchar(128) COLLATE utf8_unicode_ci DEFAULT NULL,
  `update_date` datetime NOT NULL DEFAULT CURRENT_TIMESTAMP COMMENT '更新时间',
  `update_user_id` varchar(128) COLLATE utf8_unicode_ci DEFAULT NULL,
  `status` varchar(128) COLLATE utf8_unicode_ci DEFAULT NULL,
  `sort` int(11) DEFAULT NULL,
  PRIMARY KEY (`id`)
) ENGINE=InnoDB DEFAULT CHARSET=utf8 COLLATE=utf8_unicode_ci;
/*!40101 SET character_set_client = @saved_cs_client */;

--
-- Dumping data for table `t_user_dict`
--

LOCK TABLES `t_user_dict` WRITE;
/*!40000 ALTER TABLE `t_user_dict` DISABLE KEYS */;
INSERT INTO `t_user_dict` VALUES ('f5ca1dcb-41e4-4553-b41e-f3eeda6d5610','ff8080815f0a1cda015f0a23d41e0002','用药频次','1','1','2016-10-22 14:54:20','34ff5c2e-6625-4d6d-ad39-d1745755b3a8','2016-10-22 14:54:20','34ff5c2e-6625-4d6d-ad39-d1745755b3a8','OK',0),('f5ca1dcb-41e4-4553-b41e-f3eeda6d56f1','ff8080815f0a1cda015f0a23d41e0002','性别','0','0','2016-10-22 14:54:19','34ff5c2e-6625-4d6d-ad39-d1745755b3a8','2016-10-22 14:54:19','34ff5c2e-6625-4d6d-ad39-d1745755b3a8','OK',0),('f5ca1dcb-41e4-4553-b41e-f3eeda6d56f2','ff8080815f0a1cda015f0a23d41e0002','动物性别','0','1','2016-10-22 14:54:20','34ff5c2e-6625-4d6d-ad39-d1745755b3a8','2016-10-22 14:54:20','34ff5c2e-6625-4d6d-ad39-d1745755b3a8','OK',0),('f5ca1dcb-41e4-4553-b41e-f3eeda6d56f3','ff8080815f0a1cda015f0a23d41e0002','动物颜色','1','1','2016-10-22 14:54:20','34ff5c2e-6625-4d6d-ad39-d1745755b3a8','2016-10-22 14:54:20','34ff5c2e-6625-4d6d-ad39-d1745755b3a8','OK',0),('f5ca1dcb-41e4-4553-b41e-f3eeda6d56f4','ff8080815f0a1cda015f0a23d41e0002','剂型','1','1','2016-10-22 14:54:20','34ff5c2e-6625-4d6d-ad39-d1745755b3a8','2016-10-22 14:54:20','34ff5c2e-6625-4d6d-ad39-d1745755b3a8','OK',0),('f5ca1dcb-41e4-4553-b41e-f3eeda6d56f5','ff8080815f0a1cda015f0a23d41e0002','物品单位','1','1','2016-10-22 14:54:20','34ff5c2e-6625-4d6d-ad39-d1745755b3a8','2016-10-22 14:54:20','34ff5c2e-6625-4d6d-ad39-d1745755b3a8','OK',0),('f5ca1dcb-41e4-4553-b41e-f3eeda6d56f6','ff8080815f0a1cda015f0a23d41e0002','医疗类型','1','1','2016-10-22 14:54:20','34ff5c2e-6625-4d6d-ad39-d1745755b3a8','2016-10-22 14:54:20','34ff5c2e-6625-4d6d-ad39-d1745755b3a8','OK',0),('f5ca1dcb-41e4-4553-b41e-f3eeda6d56f7','ff8080815f0a1cda015f0a23d41e0002','化验单位','1','1','2016-10-22 14:54:20','34ff5c2e-6625-4d6d-ad39-d1745755b3a8','2016-10-22 14:54:20','34ff5c2e-6625-4d6d-ad39-d1745755b3a8','OK',0),('f5ca1dcb-41e4-4553-b41e-f3eeda6d56f8','ff8080815f0a1cda015f0a23d41e0002','出库原因','1','1','2016-10-22 14:54:20','34ff5c2e-6625-4d6d-ad39-d1745755b3a8','2016-10-22 14:54:20','34ff5c2e-6625-4d6d-ad39-d1745755b3a8','OK',0),('f5ca1dcb-41e4-4553-b41e-f3eeda6d56f9','ff8080815f0a1cda015f0a23d41e0002','药品使用方法','1','1','2016-10-22 14:54:20','34ff5c2e-6625-4d6d-ad39-d1745755b3a8','2016-10-22 14:54:20','34ff5c2e-6625-4d6d-ad39-d1745755b3a8','OK',0);
/*!40000 ALTER TABLE `t_user_dict` ENABLE KEYS */;
UNLOCK TABLES;

--
-- Table structure for table `t_user_dict_detail`
--

DROP TABLE IF EXISTS `t_user_dict_detail`;
/*!40101 SET @saved_cs_client     = @@character_set_client */;
/*!40101 SET character_set_client = utf8 */;
CREATE TABLE `t_user_dict_detail` (
  `id` varchar(128) COLLATE utf8_unicode_ci NOT NULL,
  `organization` varchar(128) COLLATE utf8_unicode_ci DEFAULT NULL,
  `dict_type_id` varchar(128) COLLATE utf8_unicode_ci DEFAULT NULL,
  `dict_detail_code` varchar(128) COLLATE utf8_unicode_ci DEFAULT NULL,
  `value_name_cn` varchar(32) COLLATE utf8_unicode_ci DEFAULT NULL,
  `value_name_en` varchar(32) COLLATE utf8_unicode_ci DEFAULT NULL,
  `comments` varchar(32) COLLATE utf8_unicode_ci DEFAULT NULL,
  `sort` int(11) DEFAULT NULL,
  `create_date` datetime NOT NULL DEFAULT CURRENT_TIMESTAMP COMMENT '创建时间',
  `create_user_id` varchar(128) COLLATE utf8_unicode_ci DEFAULT NULL,
  `update_date` datetime NOT NULL DEFAULT CURRENT_TIMESTAMP COMMENT '更新时间',
  `update_user_id` varchar(128) COLLATE utf8_unicode_ci DEFAULT NULL,
  `status` varchar(128) COLLATE utf8_unicode_ci DEFAULT NULL,
  PRIMARY KEY (`id`)
) ENGINE=InnoDB DEFAULT CHARSET=utf8 COLLATE=utf8_unicode_ci;
/*!40101 SET character_set_client = @saved_cs_client */;

--
-- Dumping data for table `t_user_dict_detail`
--

LOCK TABLES `t_user_dict_detail` WRITE;
/*!40000 ALTER TABLE `t_user_dict_detail` DISABLE KEYS */;
INSERT INTO `t_user_dict_detail` VALUES ('402881ce588b1fd201589a5ff3de018d','ff8080815f0a1cda015f0a23d41e0002','f5ca1dcb-41e4-4553-b41e-f3eeda6d56f5','DM0000000079','ml',NULL,NULL,NULL,'2016-11-25 15:25:29','fc5db3b3-4063-4a12-a511-880ba19e4b58','2016-11-25 15:25:29','fc5db3b3-4063-4a12-a511-880ba19e4b58','SM00001'),('402881ce58f6123e015915d8d6180965','ff8080815f0a1cda015f0a23d41e0002','f5ca1dcb-41e4-4553-b41e-f3eeda6d56f5','DM000055','mg',NULL,NULL,NULL,'2016-12-19 14:50:49','fc5db3b3-4063-4a12-a511-880ba19e4b58','2016-12-19 14:50:49','fc5db3b3-4063-4a12-a511-880ba19e4b58','SM00001'),('402881ce58f6123e01591eff6dbf0a68','ff8080815f0a1cda015f0a23d41e0002','f5ca1dcb-41e4-4553-b41e-f3eeda6d56f5','DM000056','次/只',NULL,NULL,NULL,'2016-12-21 09:29:33','fc5db3b3-4063-4a12-a511-880ba19e4b58','2016-12-21 09:29:33','fc5db3b3-4063-4a12-a511-880ba19e4b58','SM00001'),('402881ce58f6123e01591effdc5b0a69','ff8080815f0a1cda015f0a23d41e0002','f5ca1dcb-41e4-4553-b41e-f3eeda6d56f5','DM000057','天/只',NULL,NULL,NULL,'2016-12-21 09:30:01','fc5db3b3-4063-4a12-a511-880ba19e4b58','2016-12-21 09:30:01','fc5db3b3-4063-4a12-a511-880ba19e4b58','SM00001'),('402881ce58f6123e01591f004d960a6a','ff8080815f0a1cda015f0a23d41e0002','f5ca1dcb-41e4-4553-b41e-f3eeda6d56f5','DM000058','24小时/只',NULL,NULL,NULL,'2016-12-21 09:30:30','fc5db3b3-4063-4a12-a511-880ba19e4b58','2016-12-21 09:30:30','fc5db3b3-4063-4a12-a511-880ba19e4b58','SM00001'),('402881ce58f6123e01591f00ccce0a6b','ff8080815f0a1cda015f0a23d41e0002','f5ca1dcb-41e4-4553-b41e-f3eeda6d56f5','DM000059','次/侧',NULL,NULL,NULL,'2016-12-21 09:31:03','fc5db3b3-4063-4a12-a511-880ba19e4b58','2016-12-21 09:31:03','fc5db3b3-4063-4a12-a511-880ba19e4b58','SM00001'),('402881ce58f6123e01591f0149cc0a6c','ff8080815f0a1cda015f0a23d41e0002','f5ca1dcb-41e4-4553-b41e-f3eeda6d56f5','DM000060','次/样本',NULL,NULL,NULL,'2016-12-21 09:31:35','fc5db3b3-4063-4a12-a511-880ba19e4b58','2016-12-21 09:31:35','fc5db3b3-4063-4a12-a511-880ba19e4b58','SM00001'),('402881ce58f6123e01591f0225c90a6d','ff8080815f0a1cda015f0a23d41e0002','f5ca1dcb-41e4-4553-b41e-f3eeda6d56f5','DM000061','每点',NULL,NULL,NULL,'2016-12-21 09:32:31','fc5db3b3-4063-4a12-a511-880ba19e4b58','2016-12-21 09:32:31','fc5db3b3-4063-4a12-a511-880ba19e4b58','SM00001'),('402881ce58f6123e01591f029b060a71','ff8080815f0a1cda015f0a23d41e0002','f5ca1dcb-41e4-4553-b41e-f3eeda6d56f5','DM000062','暴光/次',NULL,NULL,NULL,'2016-12-21 09:33:01','fc5db3b3-4063-4a12-a511-880ba19e4b58','2016-12-21 09:33:01','fc5db3b3-4063-4a12-a511-880ba19e4b58','SM00001'),('402881ce58f6123e01591f0305e80a72','ff8080815f0a1cda015f0a23d41e0002','f5ca1dcb-41e4-4553-b41e-f3eeda6d56f5','DM000063','部位/只',NULL,NULL,NULL,'2016-12-21 09:33:28','fc5db3b3-4063-4a12-a511-880ba19e4b58','2016-12-21 09:33:28','fc5db3b3-4063-4a12-a511-880ba19e4b58','SM00001'),('402881ce58f6123e0159254c81190adc','ff8080815f0a1cda015f0a23d41e0002','f5ca1dcb-41e4-4553-b41e-f3eeda6d56f5','DM000064','小时',NULL,NULL,NULL,'2016-12-22 14:51:27','fc5db3b3-4063-4a12-a511-880ba19e4b58','2016-12-22 14:51:27','fc5db3b3-4063-4a12-a511-880ba19e4b58','SM00001'),('402881ce59ab63e20159b07aa66300a1','ff8080815f0a1cda015f0a23d41e0002','f5ca1dcb-41e4-4553-b41e-f3eeda6d5610','DM0000000201','两天一次',NULL,NULL,NULL,'2017-01-18 15:29:05','fc5db3b3-4063-4a12-a511-880ba19e4b58','2017-01-18 15:29:05','fc5db3b3-4063-4a12-a511-880ba19e4b58','SM00001'),('402881ce59ab63e20159b07adfe300a2','ff8080815f0a1cda015f0a23d41e0002','f5ca1dcb-41e4-4553-b41e-f3eeda6d5610','DM0000000202','每周一次',NULL,NULL,NULL,'2017-01-18 15:29:19','fc5db3b3-4063-4a12-a511-880ba19e4b58','2017-01-18 15:29:19','fc5db3b3-4063-4a12-a511-880ba19e4b58','SM00001'),('402881ce59ab63e20159b07b1ed700a3','ff8080815f0a1cda015f0a23d41e0002','f5ca1dcb-41e4-4553-b41e-f3eeda6d5610','DM0000000203','每两周一次',NULL,NULL,NULL,'2017-01-18 15:29:35','fc5db3b3-4063-4a12-a511-880ba19e4b58','2017-01-18 15:29:35','fc5db3b3-4063-4a12-a511-880ba19e4b58','SM00001'),('402881ce59ab63e20159b49b3107010e','ff8080815f0a1cda015f0a23d41e0002','f5ca1dcb-41e4-4553-b41e-f3eeda6d56f9','DM0000000204','静推',NULL,NULL,NULL,'2017-01-19 10:43:06','fc5db3b3-4063-4a12-a511-880ba19e4b58','2017-01-19 10:43:06','fc5db3b3-4063-4a12-a511-880ba19e4b58','SM00001'),('402881ce59ab63e20159b49b57d6010f','ff8080815f0a1cda015f0a23d41e0002','f5ca1dcb-41e4-4553-b41e-f3eeda6d56f9','DM0000000205','静滴',NULL,NULL,NULL,'2017-01-19 10:43:16','fc5db3b3-4063-4a12-a511-880ba19e4b58','2017-01-19 10:43:16','fc5db3b3-4063-4a12-a511-880ba19e4b58','SM00001'),('402881ce59ab63e20159ba03045901bb','ff8080815f0a1cda015f0a23d41e0002','f5ca1dcb-41e4-4553-b41e-f3eeda6d56f5','DM0000000206','IU',NULL,NULL,NULL,'2017-01-20 11:54:37','fc5db3b3-4063-4a12-a511-880ba19e4b58','2017-01-20 11:54:37','fc5db3b3-4063-4a12-a511-880ba19e4b58','SM00001'),('402881ce5a27f511015a4a927df00582','ff8080815f0a1cda015f0a23d41e0002','f5ca1dcb-41e4-4553-b41e-f3eeda6d56f5','DM0000000207','0.1ml',NULL,NULL,NULL,'2017-02-17 13:36:38','fc5db3b3-4063-4a12-a511-880ba19e4b58','2017-02-17 13:36:38','fc5db3b3-4063-4a12-a511-880ba19e4b58','SM00001'),('402881ce5a639402015a885b17100bac','ff8080815f0a1cda015f0a23d41e0002','f5ca1dcb-41e4-4553-b41e-f3eeda6d56f5','DM0000000208','根',NULL,NULL,NULL,'2017-03-01 13:32:35','fc5db3b3-4063-4a12-a511-880ba19e4b58','2017-03-01 13:32:35','fc5db3b3-4063-4a12-a511-880ba19e4b58','SM00001'),('402881ce5ac1e039015ac587d1a5009e','ff8080815f0a1cda015f0a23d41e0002','f5ca1dcb-41e4-4553-b41e-f3eeda6d56f5','DM0000000209','半小时',NULL,NULL,NULL,'2017-03-13 10:38:16','fc5db3b3-4063-4a12-a511-880ba19e4b58','2017-03-13 10:38:16','fc5db3b3-4063-4a12-a511-880ba19e4b58','SM00001'),('402881ce5c067e9d015c1633dd730aa9','ff8080815f0a1cda015f0a23d41e0002','f5ca1dcb-41e4-4553-b41e-f3eeda6d56f5','DM0000000210','次／趾（指）',NULL,NULL,NULL,'2017-05-17 19:38:36','fc5db3b3-4063-4a12-a511-880ba19e4b58','2017-05-17 19:38:36','fc5db3b3-4063-4a12-a511-880ba19e4b58','SM00001'),('58497640-9824-11e6-adb2-4ccc6a1bc949','ff8080815f0a1cda015f0a23d41e0002','f5ca1dcb-41e4-4553-b41e-f3eeda6d56f1','DM00001','男',NULL,NULL,0,'2016-10-22 14:54:16','34ff5c2e-6625-4d6d-ad39-d1745755b3a8','2016-10-22 14:54:16','34ff5c2e-6625-4d6d-ad39-d1745755b3a8','OK'),('586d2bd4-9824-11e6-adb2-4ccc6a1bc949','ff8080815f0a1cda015f0a23d41e0002','f5ca1dcb-41e4-4553-b41e-f3eeda6d56f1','DM00002','女',NULL,NULL,0,'2016-10-22 14:54:16','34ff5c2e-6625-4d6d-ad39-d1745755b3a8','2016-10-22 14:54:16','34ff5c2e-6625-4d6d-ad39-d1745755b3a8','OK'),('587fa881-9824-11e6-adb2-4ccc6a1bc949','ff8080815f0a1cda015f0a23d41e0002','f5ca1dcb-41e4-4553-b41e-f3eeda6d56f2','DM00003','雄性',NULL,NULL,0,'2016-10-22 14:54:17','34ff5c2e-6625-4d6d-ad39-d1745755b3a8','2016-10-22 14:54:17','34ff5c2e-6625-4d6d-ad39-d1745755b3a8','OK'),('5885ff57-9824-11e6-adb2-4ccc6a1bc949','ff8080815f0a1cda015f0a23d41e0002','f5ca1dcb-41e4-4553-b41e-f3eeda6d56f2','DM00004','雌性',NULL,NULL,0,'2016-10-22 14:54:17','34ff5c2e-6625-4d6d-ad39-d1745755b3a8','2016-10-22 14:54:17','34ff5c2e-6625-4d6d-ad39-d1745755b3a8','OK'),('588d202e-9824-11e6-adb2-4ccc6a1bc949','ff8080815f0a1cda015f0a23d41e0002','f5ca1dcb-41e4-4553-b41e-f3eeda6d56f3','DM00005','金色',NULL,NULL,0,'2016-10-22 14:54:17','34ff5c2e-6625-4d6d-ad39-d1745755b3a8','2016-10-22 14:54:17','34ff5c2e-6625-4d6d-ad39-d1745755b3a8','OK'),('58970be8-9824-11e6-adb2-4ccc6a1bc949','ff8080815f0a1cda015f0a23d41e0002','f5ca1dcb-41e4-4553-b41e-f3eeda6d56f3','DM00006','白色',NULL,NULL,0,'2016-10-22 14:54:17','34ff5c2e-6625-4d6d-ad39-d1745755b3a8','2016-10-22 14:54:17','34ff5c2e-6625-4d6d-ad39-d1745755b3a8','OK'),('589be2f5-9824-11e6-adb2-4ccc6a1bc949','ff8080815f0a1cda015f0a23d41e0002','f5ca1dcb-41e4-4553-b41e-f3eeda6d56f3','DM00007','黑色',NULL,NULL,0,'2016-10-22 14:54:17','34ff5c2e-6625-4d6d-ad39-d1745755b3a8','2016-10-22 14:54:17','34ff5c2e-6625-4d6d-ad39-d1745755b3a8','OK'),('589ff005-9824-11e6-adb2-4ccc6a1bc949','ff8080815f0a1cda015f0a23d41e0002','f5ca1dcb-41e4-4553-b41e-f3eeda6d56f4','DM00008','无',NULL,NULL,0,'2016-10-22 14:54:17','34ff5c2e-6625-4d6d-ad39-d1745755b3a8','2016-10-22 14:54:17','34ff5c2e-6625-4d6d-ad39-d1745755b3a8','OK'),('58a4be20-9824-11e6-adb2-4ccc6a1bc949','ff8080815f0a1cda015f0a23d41e0002','f5ca1dcb-41e4-4553-b41e-f3eeda6d56f4','DM00009','片剂',NULL,NULL,0,'2016-10-22 14:54:17','34ff5c2e-6625-4d6d-ad39-d1745755b3a8','2016-10-22 14:54:17','34ff5c2e-6625-4d6d-ad39-d1745755b3a8','OK'),('58a8e0fc-9824-11e6-adb2-4ccc6a1bc949','ff8080815f0a1cda015f0a23d41e0002','f5ca1dcb-41e4-4553-b41e-f3eeda6d56f4','DM00010','水剂',NULL,NULL,0,'2016-10-22 14:54:17','34ff5c2e-6625-4d6d-ad39-d1745755b3a8','2016-10-22 14:54:17','34ff5c2e-6625-4d6d-ad39-d1745755b3a8','OK'),('58ad9c27-9824-11e6-adb2-4ccc6a1bc949','ff8080815f0a1cda015f0a23d41e0002','f5ca1dcb-41e4-4553-b41e-f3eeda6d56f5','DM00011','套',NULL,NULL,0,'2016-10-22 14:54:17','34ff5c2e-6625-4d6d-ad39-d1745755b3a8','2016-10-22 14:54:17','34ff5c2e-6625-4d6d-ad39-d1745755b3a8','OK'),('58b16bf2-9824-11e6-adb2-4ccc6a1bc949','ff8080815f0a1cda015f0a23d41e0002','f5ca1dcb-41e4-4553-b41e-f3eeda6d56f5','DM00012','头份',NULL,NULL,0,'2016-10-22 14:54:17','34ff5c2e-6625-4d6d-ad39-d1745755b3a8','2016-10-22 14:54:17','34ff5c2e-6625-4d6d-ad39-d1745755b3a8','OK'),('58b595ad-9824-11e6-adb2-4ccc6a1bc949','ff8080815f0a1cda015f0a23d41e0002','f5ca1dcb-41e4-4553-b41e-f3eeda6d56f5','DM00013','次',NULL,NULL,0,'2016-10-22 14:54:17','34ff5c2e-6625-4d6d-ad39-d1745755b3a8','2016-10-22 14:54:17','34ff5c2e-6625-4d6d-ad39-d1745755b3a8','OK'),('58b8d8e5-9824-11e6-adb2-4ccc6a1bc949','ff8080815f0a1cda015f0a23d41e0002','f5ca1dcb-41e4-4553-b41e-f3eeda6d56f5','DM00014','瓶',NULL,NULL,0,'2016-10-22 14:54:17','34ff5c2e-6625-4d6d-ad39-d1745755b3a8','2016-10-22 14:54:17','34ff5c2e-6625-4d6d-ad39-d1745755b3a8','OK'),('58bd30da-9824-11e6-adb2-4ccc6a1bc949','ff8080815f0a1cda015f0a23d41e0002','f5ca1dcb-41e4-4553-b41e-f3eeda6d56f5','DM00015','片',NULL,NULL,0,'2016-10-22 14:54:17','34ff5c2e-6625-4d6d-ad39-d1745755b3a8','2016-10-22 14:54:17','34ff5c2e-6625-4d6d-ad39-d1745755b3a8','OK'),('58c07fb9-9824-11e6-adb2-4ccc6a1bc949','ff8080815f0a1cda015f0a23d41e0002','f5ca1dcb-41e4-4553-b41e-f3eeda6d56f6','DM00016','犬科',NULL,NULL,0,'2016-10-22 14:54:17','34ff5c2e-6625-4d6d-ad39-d1745755b3a8','2016-10-22 14:54:17','34ff5c2e-6625-4d6d-ad39-d1745755b3a8','OK'),('58c4ceed-9824-11e6-adb2-4ccc6a1bc949','ff8080815f0a1cda015f0a23d41e0002','f5ca1dcb-41e4-4553-b41e-f3eeda6d56f6','DM00017','猫科',NULL,NULL,0,'2016-10-22 14:54:17','34ff5c2e-6625-4d6d-ad39-d1745755b3a8','2016-10-22 14:54:17','34ff5c2e-6625-4d6d-ad39-d1745755b3a8','OK'),('58c969e6-9824-11e6-adb2-4ccc6a1bc949','ff8080815f0a1cda015f0a23d41e0002','f5ca1dcb-41e4-4553-b41e-f3eeda6d56f5','DM00018','天',NULL,NULL,0,'2016-10-22 14:54:17','34ff5c2e-6625-4d6d-ad39-d1745755b3a8','2016-10-22 14:54:17','34ff5c2e-6625-4d6d-ad39-d1745755b3a8','OK'),('58cdb408-9824-11e6-adb2-4ccc6a1bc949','ff8080815f0a1cda015f0a23d41e0002','f5ca1dcb-41e4-4553-b41e-f3eeda6d56f5','DM00019','500g',NULL,NULL,0,'2016-10-22 14:54:17','34ff5c2e-6625-4d6d-ad39-d1745755b3a8','2016-10-22 14:54:17','34ff5c2e-6625-4d6d-ad39-d1745755b3a8','OK'),('58d10513-9824-11e6-adb2-4ccc6a1bc949','ff8080815f0a1cda015f0a23d41e0002','f5ca1dcb-41e4-4553-b41e-f3eeda6d56f8','DM00020','销售',NULL,NULL,0,'2016-10-22 14:54:17','34ff5c2e-6625-4d6d-ad39-d1745755b3a8','2016-10-22 14:54:17','34ff5c2e-6625-4d6d-ad39-d1745755b3a8','OK'),('58d5606d-9824-11e6-adb2-4ccc6a1bc949','ff8080815f0a1cda015f0a23d41e0002','f5ca1dcb-41e4-4553-b41e-f3eeda6d56f8','DM00021','无公害处理',NULL,NULL,0,'2016-10-22 14:54:17','34ff5c2e-6625-4d6d-ad39-d1745755b3a8','2016-10-22 14:54:17','34ff5c2e-6625-4d6d-ad39-d1745755b3a8','OK'),('58d8a08b-9824-11e6-adb2-4ccc6a1bc949','ff8080815f0a1cda015f0a23d41e0002','f5ca1dcb-41e4-4553-b41e-f3eeda6d56f4','DM00022','针剂',NULL,NULL,0,'2016-10-22 14:54:17','34ff5c2e-6625-4d6d-ad39-d1745755b3a8','2016-10-22 14:54:17','34ff5c2e-6625-4d6d-ad39-d1745755b3a8','OK'),('58dcfd1f-9824-11e6-adb2-4ccc6a1bc949','ff8080815f0a1cda015f0a23d41e0002','f5ca1dcb-41e4-4553-b41e-f3eeda6d56f7','DM00023','10^9/L',NULL,NULL,0,'2016-10-22 14:54:17','34ff5c2e-6625-4d6d-ad39-d1745755b3a8','2016-10-22 14:54:17','34ff5c2e-6625-4d6d-ad39-d1745755b3a8','OK'),('58e18a6e-9824-11e6-adb2-4ccc6a1bc949','ff8080815f0a1cda015f0a23d41e0002','f5ca1dcb-41e4-4553-b41e-f3eeda6d56f7','DM00024','%',NULL,NULL,0,'2016-10-22 14:54:17','34ff5c2e-6625-4d6d-ad39-d1745755b3a8','2016-10-22 14:54:17','34ff5c2e-6625-4d6d-ad39-d1745755b3a8','OK'),('58e5de8f-9824-11e6-adb2-4ccc6a1bc949','ff8080815f0a1cda015f0a23d41e0002','f5ca1dcb-41e4-4553-b41e-f3eeda6d56f7','DM00025','10^12/L',NULL,NULL,0,'2016-10-22 14:54:17','34ff5c2e-6625-4d6d-ad39-d1745755b3a8','2016-10-22 14:54:17','34ff5c2e-6625-4d6d-ad39-d1745755b3a8','OK'),('58e93b83-9824-11e6-adb2-4ccc6a1bc949','ff8080815f0a1cda015f0a23d41e0002','f5ca1dcb-41e4-4553-b41e-f3eeda6d56f7','DM00026','g/L',NULL,NULL,0,'2016-10-22 14:54:17','34ff5c2e-6625-4d6d-ad39-d1745755b3a8','2016-10-22 14:54:17','34ff5c2e-6625-4d6d-ad39-d1745755b3a8','OK'),('58ed907c-9824-11e6-adb2-4ccc6a1bc949','ff8080815f0a1cda015f0a23d41e0002','f5ca1dcb-41e4-4553-b41e-f3eeda6d56f7','DM00027','mmol/L',NULL,NULL,0,'2016-10-22 14:54:17','34ff5c2e-6625-4d6d-ad39-d1745755b3a8','2016-10-22 14:54:17','34ff5c2e-6625-4d6d-ad39-d1745755b3a8','OK'),('58f0d244-9824-11e6-adb2-4ccc6a1bc949','ff8080815f0a1cda015f0a23d41e0002','f5ca1dcb-41e4-4553-b41e-f3eeda6d56f7','DM00028','U/L',NULL,NULL,0,'2016-10-22 14:54:17','34ff5c2e-6625-4d6d-ad39-d1745755b3a8','2016-10-22 14:54:17','34ff5c2e-6625-4d6d-ad39-d1745755b3a8','OK'),('58f51eb7-9824-11e6-adb2-4ccc6a1bc949','ff8080815f0a1cda015f0a23d41e0002','f5ca1dcb-41e4-4553-b41e-f3eeda6d56f7','DM00029','umol/L',NULL,NULL,0,'2016-10-22 14:54:17','34ff5c2e-6625-4d6d-ad39-d1745755b3a8','2016-10-22 14:54:17','34ff5c2e-6625-4d6d-ad39-d1745755b3a8','OK'),('58f9bfba-9824-11e6-adb2-4ccc6a1bc949','ff8080815f0a1cda015f0a23d41e0002','f5ca1dcb-41e4-4553-b41e-f3eeda6d56f5','DM00030','针',NULL,NULL,0,'2016-10-22 14:54:17','34ff5c2e-6625-4d6d-ad39-d1745755b3a8','2016-10-22 14:54:17','34ff5c2e-6625-4d6d-ad39-d1745755b3a8','OK'),('58fe1743-9824-11e6-adb2-4ccc6a1bc949','ff8080815f0a1cda015f0a23d41e0002','f5ca1dcb-41e4-4553-b41e-f3eeda6d56f3','DM00032','狸花色',NULL,NULL,0,'2016-10-22 14:54:17','34ff5c2e-6625-4d6d-ad39-d1745755b3a8','2016-10-22 14:54:17','34ff5c2e-6625-4d6d-ad39-d1745755b3a8','OK'),('59014d17-9824-11e6-adb2-4ccc6a1bc949','ff8080815f0a1cda015f0a23d41e0002','f5ca1dcb-41e4-4553-b41e-f3eeda6d56f3','DM00033','黑白相间','',NULL,0,'2016-10-22 14:54:17','34ff5c2e-6625-4d6d-ad39-d1745755b3a8','2016-10-22 14:54:17','34ff5c2e-6625-4d6d-ad39-d1745755b3a8','OK'),('59059b2e-9824-11e6-adb2-4ccc6a1bc949','ff8080815f0a1cda015f0a23d41e0002','f5ca1dcb-41e4-4553-b41e-f3eeda6d56f2','DM00035','其他',NULL,NULL,0,'2016-10-22 14:54:17','34ff5c2e-6625-4d6d-ad39-d1745755b3a8','2016-10-22 14:54:17','34ff5c2e-6625-4d6d-ad39-d1745755b3a8','OK'),('5908f300-9824-11e6-adb2-4ccc6a1bc949','ff8080815f0a1cda015f0a23d41e0002','f5ca1dcb-41e4-4553-b41e-f3eeda6d56f3','DM00036','杂毛',NULL,NULL,0,'2016-10-22 14:54:17','34ff5c2e-6625-4d6d-ad39-d1745755b3a8','2016-10-22 14:54:17','34ff5c2e-6625-4d6d-ad39-d1745755b3a8','OK'),('590d4007-9824-11e6-adb2-4ccc6a1bc949','ff8080815f0a1cda015f0a23d41e0002','f5ca1dcb-41e4-4553-b41e-f3eeda6d56f5','DM00037','头/份',NULL,NULL,0,'2016-10-22 14:54:17','34ff5c2e-6625-4d6d-ad39-d1745755b3a8','2016-10-22 14:54:17','34ff5c2e-6625-4d6d-ad39-d1745755b3a8','OK'),('59108a03-9824-11e6-adb2-4ccc6a1bc949','ff8080815f0a1cda015f0a23d41e0002','f5ca1dcb-41e4-4553-b41e-f3eeda6d56f5','DM00038','盒',NULL,NULL,0,'2016-10-22 14:54:17','34ff5c2e-6625-4d6d-ad39-d1745755b3a8','2016-10-22 14:54:17','34ff5c2e-6625-4d6d-ad39-d1745755b3a8','OK'),('5914e204-9824-11e6-adb2-4ccc6a1bc949','ff8080815f0a1cda015f0a23d41e0002','f5ca1dcb-41e4-4553-b41e-f3eeda6d56f5','DM00041','袋',NULL,NULL,0,'2016-10-22 14:54:17','34ff5c2e-6625-4d6d-ad39-d1745755b3a8','2016-10-22 14:54:17','34ff5c2e-6625-4d6d-ad39-d1745755b3a8','OK'),('591831c5-9824-11e6-adb2-4ccc6a1bc949','ff8080815f0a1cda015f0a23d41e0002','f5ca1dcb-41e4-4553-b41e-f3eeda6d56f4','DM00039','粉剂',NULL,NULL,0,'2016-10-22 14:54:18','34ff5c2e-6625-4d6d-ad39-d1745755b3a8','2016-10-22 14:54:18','34ff5c2e-6625-4d6d-ad39-d1745755b3a8','OK'),('591ca8bf-9824-11e6-adb2-4ccc6a1bc949','ff8080815f0a1cda015f0a23d41e0002','f5ca1dcb-41e4-4553-b41e-f3eeda6d56f7','DM00040','fL',NULL,NULL,0,'2016-10-22 14:54:18','34ff5c2e-6625-4d6d-ad39-d1745755b3a8','2016-10-22 14:54:18','34ff5c2e-6625-4d6d-ad39-d1745755b3a8','OK'),('591fcf34-9824-11e6-adb2-4ccc6a1bc949','ff8080815f0a1cda015f0a23d41e0002','f5ca1dcb-41e4-4553-b41e-f3eeda6d56f7','DM00042','pg',NULL,NULL,0,'2016-10-22 14:54:18','34ff5c2e-6625-4d6d-ad39-d1745755b3a8','2016-10-22 14:54:18','34ff5c2e-6625-4d6d-ad39-d1745755b3a8','OK'),('5927c66e-9824-11e6-adb2-4ccc6a1bc949','ff8080815f0a1cda015f0a23d41e0002','f5ca1dcb-41e4-4553-b41e-f3eeda6d56f3','DM00043','灰色',NULL,NULL,0,'2016-10-22 14:54:18','34ff5c2e-6625-4d6d-ad39-d1745755b3a8','2016-10-22 14:54:18','34ff5c2e-6625-4d6d-ad39-d1745755b3a8','OK'),('592e97f2-9824-11e6-adb2-4ccc6a1bc949','ff8080815f0a1cda015f0a23d41e0002','f5ca1dcb-41e4-4553-b41e-f3eeda6d56f5','DM00044','个',NULL,NULL,0,'2016-10-22 14:54:18','34ff5c2e-6625-4d6d-ad39-d1745755b3a8','2016-10-22 14:54:18','34ff5c2e-6625-4d6d-ad39-d1745755b3a8','OK'),('59347a03-9824-11e6-adb2-4ccc6a1bc949','ff8080815f0a1cda015f0a23d41e0002','f5ca1dcb-41e4-4553-b41e-f3eeda6d56f5','DM00045','张',NULL,NULL,0,'2016-10-22 14:54:18','34ff5c2e-6625-4d6d-ad39-d1745755b3a8','2016-10-22 14:54:18','34ff5c2e-6625-4d6d-ad39-d1745755b3a8','OK'),('5939b230-9824-11e6-adb2-4ccc6a1bc949','ff8080815f0a1cda015f0a23d41e0002','f5ca1dcb-41e4-4553-b41e-f3eeda6d56f4','DM00046','365',NULL,NULL,0,'2016-10-22 14:54:18','34ff5c2e-6625-4d6d-ad39-d1745755b3a8','2016-10-22 14:54:18','34ff5c2e-6625-4d6d-ad39-d1745755b3a8','OK'),('593fe227-9824-11e6-adb2-4ccc6a1bc949','ff8080815f0a1cda015f0a23d41e0002','f5ca1dcb-41e4-4553-b41e-f3eeda6d56f5','DM00047','包',NULL,NULL,0,'2016-10-22 14:54:18','34ff5c2e-6625-4d6d-ad39-d1745755b3a8','2016-10-22 14:54:18','34ff5c2e-6625-4d6d-ad39-d1745755b3a8','OK'),('59453335-9824-11e6-adb2-4ccc6a1bc949','ff8080815f0a1cda015f0a23d41e0002','f5ca1dcb-41e4-4553-b41e-f3eeda6d56f5','DM00048','只',NULL,NULL,0,'2016-10-22 14:54:18','34ff5c2e-6625-4d6d-ad39-d1745755b3a8','2016-10-22 14:54:18','34ff5c2e-6625-4d6d-ad39-d1745755b3a8','OK'),('594b633b-9824-11e6-adb2-4ccc6a1bc949','ff8080815f0a1cda015f0a23d41e0002','f5ca1dcb-41e4-4553-b41e-f3eeda6d56f5','DM00049','扎',NULL,NULL,0,'2016-10-22 14:54:18','34ff5c2e-6625-4d6d-ad39-d1745755b3a8','2016-10-22 14:54:18','34ff5c2e-6625-4d6d-ad39-d1745755b3a8','OK'),('5950a6b6-9824-11e6-adb2-4ccc6a1bc949','ff8080815f0a1cda015f0a23d41e0002','f5ca1dcb-41e4-4553-b41e-f3eeda6d56f5','DM00050','支',NULL,NULL,0,'2016-10-22 14:54:18','34ff5c2e-6625-4d6d-ad39-d1745755b3a8','2016-10-22 14:54:18','34ff5c2e-6625-4d6d-ad39-d1745755b3a8','OK'),('5956b641-9824-11e6-adb2-4ccc6a1bc949','ff8080815f0a1cda015f0a23d41e0002','f5ca1dcb-41e4-4553-b41e-f3eeda6d56f4','DM00051','膏剂',NULL,NULL,0,'2016-10-22 14:54:18','34ff5c2e-6625-4d6d-ad39-d1745755b3a8','2016-10-22 14:54:18','34ff5c2e-6625-4d6d-ad39-d1745755b3a8','OK'),('595c1943-9824-11e6-adb2-4ccc6a1bc949','ff8080815f0a1cda015f0a23d41e0002','f5ca1dcb-41e4-4553-b41e-f3eeda6d56f5','DM00052','付',NULL,NULL,0,'2016-10-22 14:54:18','34ff5c2e-6625-4d6d-ad39-d1745755b3a8','2016-10-22 14:54:18','34ff5c2e-6625-4d6d-ad39-d1745755b3a8','OK'),('596215dc-9824-11e6-adb2-4ccc6a1bc949','ff8080815f0a1cda015f0a23d41e0002','f5ca1dcb-41e4-4553-b41e-f3eeda6d56f5','DM00053','粒',NULL,NULL,0,'2016-10-22 14:54:18','34ff5c2e-6625-4d6d-ad39-d1745755b3a8','2016-10-22 14:54:18','34ff5c2e-6625-4d6d-ad39-d1745755b3a8','OK'),('59681334-9824-11e6-adb2-4ccc6a1bc949','ff8080815f0a1cda015f0a23d41e0002','f5ca1dcb-41e4-4553-b41e-f3eeda6d56f5','DM00054','罐',NULL,NULL,0,'2016-10-22 14:54:18','34ff5c2e-6625-4d6d-ad39-d1745755b3a8','2016-10-22 14:54:18','34ff5c2e-6625-4d6d-ad39-d1745755b3a8','OK'),('596c8541-9824-11e6-adb2-4ccc6a1bc949','ff8080815f0a1cda015f0a23d41e0002','f5ca1dcb-41e4-4553-b41e-f3eeda6d56f5','DM0000000055','桶',NULL,NULL,0,'2016-10-22 14:54:18','34ff5c2e-6625-4d6d-ad39-d1745755b3a8','2016-10-22 14:54:18','34ff5c2e-6625-4d6d-ad39-d1745755b3a8','OK'),('5970a931-9824-11e6-adb2-4ccc6a1bc949','ff8080815f0a1cda015f0a23d41e0002','f5ca1dcb-41e4-4553-b41e-f3eeda6d56f5','DM0000000056','无',NULL,NULL,0,'2016-10-22 14:54:18','34ff5c2e-6625-4d6d-ad39-d1745755b3a8','2016-10-22 14:54:18','34ff5c2e-6625-4d6d-ad39-d1745755b3a8','OK'),('5975683f-9824-11e6-adb2-4ccc6a1bc949','ff8080815f0a1cda015f0a23d41e0002','f5ca1dcb-41e4-4553-b41e-f3eeda6d56f5','DM0000000057','板',NULL,NULL,0,'2016-10-22 14:54:18','34ff5c2e-6625-4d6d-ad39-d1745755b3a8','2016-10-22 14:54:18','34ff5c2e-6625-4d6d-ad39-d1745755b3a8','OK'),('59798d04-9824-11e6-adb2-4ccc6a1bc949','ff8080815f0a1cda015f0a23d41e0002','f5ca1dcb-41e4-4553-b41e-f3eeda6d56f5','DM0000000058','铁包金',NULL,NULL,0,'2016-10-22 14:54:18','34ff5c2e-6625-4d6d-ad39-d1745755b3a8','2016-10-22 14:54:18','34ff5c2e-6625-4d6d-ad39-d1745755b3a8','OK'),('597e661f-9824-11e6-adb2-4ccc6a1bc949','ff8080815f0a1cda015f0a23d41e0002','f5ca1dcb-41e4-4553-b41e-f3eeda6d56f6','DM0000000060','兔',NULL,NULL,0,'2016-10-22 14:54:18','34ff5c2e-6625-4d6d-ad39-d1745755b3a8','2016-10-22 14:54:18','34ff5c2e-6625-4d6d-ad39-d1745755b3a8','OK'),('59827fd0-9824-11e6-adb2-4ccc6a1bc949','ff8080815f0a1cda015f0a23d41e0002','f5ca1dcb-41e4-4553-b41e-f3eeda6d56f5','DM0000000061','支',NULL,NULL,0,'2016-10-22 14:54:18','34ff5c2e-6625-4d6d-ad39-d1745755b3a8','2016-10-22 14:54:18','34ff5c2e-6625-4d6d-ad39-d1745755b3a8','OK'),('59875087-9824-11e6-adb2-4ccc6a1bc949','ff8080815f0a1cda015f0a23d41e0002','f5ca1dcb-41e4-4553-b41e-f3eeda6d56f6','DM00000','其它',NULL,NULL,0,'2016-10-22 14:54:18','34ff5c2e-6625-4d6d-ad39-d1745755b3a8','2016-10-22 14:54:18','34ff5c2e-6625-4d6d-ad39-d1745755b3a8','OK'),('598b70ec-9824-11e6-adb2-4ccc6a1bc949','ff8080815f0a1cda015f0a23d41e0002','f5ca1dcb-41e4-4553-b41e-f3eeda6d56f9','DM0000000062','点眼',NULL,NULL,0,'2016-10-22 14:54:18','34ff5c2e-6625-4d6d-ad39-d1745755b3a8','2016-10-22 14:54:18','34ff5c2e-6625-4d6d-ad39-d1745755b3a8','OK'),('59901feb-9824-11e6-adb2-4ccc6a1bc949','ff8080815f0a1cda015f0a23d41e0002','f5ca1dcb-41e4-4553-b41e-f3eeda6d56f9','DM0000000063','肌注',NULL,NULL,0,'2016-10-22 14:54:18','34ff5c2e-6625-4d6d-ad39-d1745755b3a8','2016-10-22 14:54:18','34ff5c2e-6625-4d6d-ad39-d1745755b3a8','OK'),('599904a6-9824-11e6-adb2-4ccc6a1bc949','ff8080815f0a1cda015f0a23d41e0002','f5ca1dcb-41e4-4553-b41e-f3eeda6d56f9','DM0000000065','皮下注射',NULL,NULL,0,'2016-10-22 14:54:18','34ff5c2e-6625-4d6d-ad39-d1745755b3a8','2016-10-22 14:54:18','34ff5c2e-6625-4d6d-ad39-d1745755b3a8','OK'),('599d39fc-9824-11e6-adb2-4ccc6a1bc949','ff8080815f0a1cda015f0a23d41e0002','f5ca1dcb-41e4-4553-b41e-f3eeda6d56f9','DM0000000066','外用',NULL,NULL,0,'2016-10-22 14:54:18','34ff5c2e-6625-4d6d-ad39-d1745755b3a8','2016-10-22 14:54:18','34ff5c2e-6625-4d6d-ad39-d1745755b3a8','OK'),('59a1e99c-9824-11e6-adb2-4ccc6a1bc949','ff8080815f0a1cda015f0a23d41e0002','f5ca1dcb-41e4-4553-b41e-f3eeda6d56f9','DM0000000067','口服',NULL,NULL,0,'2016-10-22 14:54:18','34ff5c2e-6625-4d6d-ad39-d1745755b3a8','2016-10-22 14:54:18','34ff5c2e-6625-4d6d-ad39-d1745755b3a8','OK'),('59a62ac8-9824-11e6-adb2-4ccc6a1bc949','ff8080815f0a1cda015f0a23d41e0002','f5ca1dcb-41e4-4553-b41e-f3eeda6d56f9','DM0000000068','雾化给药',NULL,NULL,0,'2016-10-22 14:54:18','34ff5c2e-6625-4d6d-ad39-d1745755b3a8','2016-10-22 14:54:18','34ff5c2e-6625-4d6d-ad39-d1745755b3a8','OK'),('59afa253-9824-11e6-adb2-4ccc6a1bc949','ff8080815f0a1cda015f0a23d41e0002','f5ca1dcb-41e4-4553-b41e-f3eeda6d56f9','DM0000000069','穴位注射',NULL,NULL,0,'2016-10-22 14:54:19','34ff5c2e-6625-4d6d-ad39-d1745755b3a8','2016-10-22 14:54:19','34ff5c2e-6625-4d6d-ad39-d1745755b3a8','OK'),('59b58f17-9824-11e6-adb2-4ccc6a1bc949','ff8080815f0a1cda015f0a23d41e0002','f5ca1dcb-41e4-4553-b41e-f3eeda6d56f9','DM0000000070','腹腔注射',NULL,NULL,0,'2016-10-22 14:54:19','34ff5c2e-6625-4d6d-ad39-d1745755b3a8','2016-10-22 14:54:19','34ff5c2e-6625-4d6d-ad39-d1745755b3a8','OK'),('59bc13be-9824-11e6-adb2-4ccc6a1bc949','ff8080815f0a1cda015f0a23d41e0002','f5ca1dcb-41e4-4553-b41e-f3eeda6d56f9','DM0000000071','直肠灌注',NULL,NULL,0,'2016-10-22 14:54:19','34ff5c2e-6625-4d6d-ad39-d1745755b3a8','2016-10-22 14:54:19','34ff5c2e-6625-4d6d-ad39-d1745755b3a8','OK'),('59c71252-9824-11e6-adb2-4ccc6a1bc949','ff8080815f0a1cda015f0a23d41e0002','f5ca1dcb-41e4-4553-b41e-f3eeda6d5610','DM0000000072','一次/天',NULL,NULL,0,'2016-10-22 14:54:19','34ff5c2e-6625-4d6d-ad39-d1745755b3a8','2016-10-22 14:54:19','34ff5c2e-6625-4d6d-ad39-d1745755b3a8','OK'),('59cd3828-9824-11e6-adb2-4ccc6a1bc949','ff8080815f0a1cda015f0a23d41e0002','f5ca1dcb-41e4-4553-b41e-f3eeda6d5610','DM0000000073','二次/天',NULL,NULL,0,'2016-10-22 14:54:19','34ff5c2e-6625-4d6d-ad39-d1745755b3a8','2016-10-22 14:54:19','34ff5c2e-6625-4d6d-ad39-d1745755b3a8','OK'),('59d1b3ee-9824-11e6-adb2-4ccc6a1bc949','ff8080815f0a1cda015f0a23d41e0002','f5ca1dcb-41e4-4553-b41e-f3eeda6d5610','DM0000000074','三次/天',NULL,NULL,0,'2016-10-22 14:54:19','34ff5c2e-6625-4d6d-ad39-d1745755b3a8','2016-10-22 14:54:19','34ff5c2e-6625-4d6d-ad39-d1745755b3a8','OK'),('59d68b32-9824-11e6-adb2-4ccc6a1bc949','ff8080815f0a1cda015f0a23d41e0002','f5ca1dcb-41e4-4553-b41e-f3eeda6d5610','DM0000000075','四次/天',NULL,NULL,0,'2016-10-22 14:54:19','34ff5c2e-6625-4d6d-ad39-d1745755b3a8','2016-10-22 14:54:19','34ff5c2e-6625-4d6d-ad39-d1745755b3a8','OK'),('59dbae60-9824-11e6-adb2-4ccc6a1bc949','ff8080815f0a1cda015f0a23d41e0002','f5ca1dcb-41e4-4553-b41e-f3eeda6d5610','DM0000000076','五次/天',NULL,NULL,0,'2016-10-22 14:54:19','34ff5c2e-6625-4d6d-ad39-d1745755b3a8','2016-10-22 14:54:19','34ff5c2e-6625-4d6d-ad39-d1745755b3a8','OK'),('59e138cf-9824-11e6-adb2-4ccc6a1bc949','ff8080815f0a1cda015f0a23d41e0002','f5ca1dcb-41e4-4553-b41e-f3eeda6d5610','DM0000000077','六次/天',NULL,NULL,0,'2016-10-22 14:54:19','34ff5c2e-6625-4d6d-ad39-d1745755b3a8','2016-10-22 14:54:19','34ff5c2e-6625-4d6d-ad39-d1745755b3a8','OK'),('59e5ae85-9824-11e6-adb2-4ccc6a1bc949','ff8080815f0a1cda015f0a23d41e0002','f5ca1dcb-41e4-4553-b41e-f3eeda6d56f7','DM00078','10x9/L',NULL,NULL,0,'2016-10-22 14:54:19','34ff5c2e-6625-4d6d-ad39-d1745755b3a8','2016-10-22 14:54:19','34ff5c2e-6625-4d6d-ad39-d1745755b3a8','OK'),('59ee3bdc-9824-11e6-adb2-4ccc6a1bc949','ff8080815f0a1cda015f0a23d41e0002','f5ca1dcb-41e4-4553-b41e-f3eeda6d56f7','DM00079','10x3/μL',NULL,NULL,0,'2016-10-22 14:54:19','34ff5c2e-6625-4d6d-ad39-d1745755b3a8','2016-10-22 14:54:19','34ff5c2e-6625-4d6d-ad39-d1745755b3a8','OK'),('59f3e9de-9824-11e6-adb2-4ccc6a1bc949','ff8080815f0a1cda015f0a23d41e0002','f5ca1dcb-41e4-4553-b41e-f3eeda6d56f7','DM00080','10x6/μL',NULL,NULL,0,'2016-10-22 14:54:19','34ff5c2e-6625-4d6d-ad39-d1745755b3a8','2016-10-22 14:54:19','34ff5c2e-6625-4d6d-ad39-d1745755b3a8','OK'),('59f96c0e-9824-11e6-adb2-4ccc6a1bc949','ff8080815f0a1cda015f0a23d41e0002','f5ca1dcb-41e4-4553-b41e-f3eeda6d56f7','DM00081','10x12/L',NULL,NULL,0,'2016-10-22 14:54:19','34ff5c2e-6625-4d6d-ad39-d1745755b3a8','2016-10-22 14:54:19','34ff5c2e-6625-4d6d-ad39-d1745755b3a8','OK'),('59ff41ac-9824-11e6-adb2-4ccc6a1bc949','ff8080815f0a1cda015f0a23d41e0002','f5ca1dcb-41e4-4553-b41e-f3eeda6d56f7','DM00082','g/dL',NULL,NULL,0,'2016-10-22 14:54:19','34ff5c2e-6625-4d6d-ad39-d1745755b3a8','2016-10-22 14:54:19','34ff5c2e-6625-4d6d-ad39-d1745755b3a8','OK'),('5a081b19-9824-11e6-adb2-4ccc6a1bc949','ff8080815f0a1cda015f0a23d41e0002','f5ca1dcb-41e4-4553-b41e-f3eeda6d56f7','DM00083','K/μL',NULL,NULL,0,'2016-10-22 14:54:19','34ff5c2e-6625-4d6d-ad39-d1745755b3a8','2016-10-22 14:54:19','34ff5c2e-6625-4d6d-ad39-d1745755b3a8','OK'),('5a0d6c8f-9824-11e6-adb2-4ccc6a1bc949','ff8080815f0a1cda015f0a23d41e0002','f5ca1dcb-41e4-4553-b41e-f3eeda6d56f7','DM00084','mg/dL',NULL,NULL,0,'2016-10-22 14:54:19','34ff5c2e-6625-4d6d-ad39-d1745755b3a8','2016-10-22 14:54:19','34ff5c2e-6625-4d6d-ad39-d1745755b3a8','OK'),('5a129bf8-9824-11e6-adb2-4ccc6a1bc949','ff8080815f0a1cda015f0a23d41e0002','f5ca1dcb-41e4-4553-b41e-f3eeda6d56f7','DM00085','K/ul',NULL,NULL,0,'2016-10-22 14:54:19','34ff5c2e-6625-4d6d-ad39-d1745755b3a8','2016-10-22 14:54:19','34ff5c2e-6625-4d6d-ad39-d1745755b3a8','OK'),('5a17b035-9824-11e6-adb2-4ccc6a1bc949','ff8080815f0a1cda015f0a23d41e0002','f5ca1dcb-41e4-4553-b41e-f3eeda6d56f7','DM00086','μmol/L',NULL,NULL,0,'2016-10-22 14:54:19','34ff5c2e-6625-4d6d-ad39-d1745755b3a8','2016-10-22 14:54:19','34ff5c2e-6625-4d6d-ad39-d1745755b3a8','OK'),('5a1d0c8a-9824-11e6-adb2-4ccc6a1bc949','ff8080815f0a1cda015f0a23d41e0002','f5ca1dcb-41e4-4553-b41e-f3eeda6d56f7','DM00087','#',NULL,NULL,0,'2016-10-22 14:54:19','34ff5c2e-6625-4d6d-ad39-d1745755b3a8','2016-10-22 14:54:19','34ff5c2e-6625-4d6d-ad39-d1745755b3a8','OK'),('5a21ad3a-9824-11e6-adb2-4ccc6a1bc949','ff8080815f0a1cda015f0a23d41e0002','f5ca1dcb-41e4-4553-b41e-f3eeda6d56f7','DM00088','sec',NULL,NULL,0,'2016-10-22 14:54:19','34ff5c2e-6625-4d6d-ad39-d1745755b3a8','2016-10-22 14:54:19','34ff5c2e-6625-4d6d-ad39-d1745755b3a8','OK'),('5a2714cf-9824-11e6-adb2-4ccc6a1bc949','ff8080815f0a1cda015f0a23d41e0002','f5ca1dcb-41e4-4553-b41e-f3eeda6d56f7','DM00089','mmHg',NULL,NULL,0,'2016-10-22 14:54:19','34ff5c2e-6625-4d6d-ad39-d1745755b3a8','2016-10-22 14:54:19','34ff5c2e-6625-4d6d-ad39-d1745755b3a8','OK'),('5a2c1e31-9824-11e6-adb2-4ccc6a1bc949','ff8080815f0a1cda015f0a23d41e0002','f5ca1dcb-41e4-4553-b41e-f3eeda6d56f7','DM00090','mEq/L',NULL,NULL,0,'2016-10-22 14:54:19','34ff5c2e-6625-4d6d-ad39-d1745755b3a8','2016-10-22 14:54:19','34ff5c2e-6625-4d6d-ad39-d1745755b3a8','OK'),('5a3137af-9824-11e6-adb2-4ccc6a1bc949','ff8080815f0a1cda015f0a23d41e0002','f5ca1dcb-41e4-4553-b41e-f3eeda6d56f7','DM00091','ul/dL',NULL,NULL,0,'2016-10-22 14:54:19','34ff5c2e-6625-4d6d-ad39-d1745755b3a8','2016-10-22 14:54:19','34ff5c2e-6625-4d6d-ad39-d1745755b3a8','OK'),('5a361af1-9824-11e6-adb2-4ccc6a1bc949','ff8080815f0a1cda015f0a23d41e0002','f5ca1dcb-41e4-4553-b41e-f3eeda6d56f7','DM00092','Leu/μL',NULL,NULL,0,'2016-10-22 14:54:19','34ff5c2e-6625-4d6d-ad39-d1745755b3a8','2016-10-22 14:54:19','34ff5c2e-6625-4d6d-ad39-d1745755b3a8','OK'),('5a3b89e8-9824-11e6-adb2-4ccc6a1bc949','ff8080815f0a1cda015f0a23d41e0002','f5ca1dcb-41e4-4553-b41e-f3eeda6d56f7','DM00093','Ery/μL',NULL,NULL,0,'2016-10-22 14:54:19','34ff5c2e-6625-4d6d-ad39-d1745755b3a8','2016-10-22 14:54:19','34ff5c2e-6625-4d6d-ad39-d1745755b3a8','OK'),('5d36d612-a49f-11e6-b2a4-4ccc6a1bc949','ff8080815f0a1cda015f0a23d41e0002','f5ca1dcb-41e4-4553-b41e-f3eeda6d56f5','DM0000000078','0.1ml/kg',NULL,NULL,0,'2016-11-07 12:08:02','34ff5c2e-6625-4d6d-ad39-d1745755b3a8','2016-11-07 12:08:02','34ff5c2e-6625-4d6d-ad39-d1745755b3a8','OK'),('5d3ea092-a49f-11e6-b2a4-4ccc6a1bc949','ff8080815f0a1cda015f0a23d41e0002','f5ca1dcb-41e4-4553-b41e-f3eeda6d56f5','DM00094','次/眼',NULL,NULL,0,'2016-11-07 12:08:08','34ff5c2e-6625-4d6d-ad39-d1745755b3a8','2016-11-07 12:08:08','34ff5c2e-6625-4d6d-ad39-d1745755b3a8','OK'),('ff8080815c576a16015c5da0ab8c0348','ff8080815f0a1cda015f0a23d41e0002','f5ca1dcb-41e4-4553-b41e-f3eeda6d56f5','DM0000000211','卷',NULL,NULL,NULL,'2017-05-31 16:30:29','fc5db3b3-4063-4a12-a511-880ba19e4b58','2017-05-31 16:30:29','fc5db3b3-4063-4a12-a511-880ba19e4b58','SM00001');
/*!40000 ALTER TABLE `t_user_dict_detail` ENABLE KEYS */;
UNLOCK TABLES;

--
-- Table structure for table `t_warehouse`
--

DROP TABLE IF EXISTS `t_warehouse`;
/*!40101 SET @saved_cs_client     = @@character_set_client */;
/*!40101 SET character_set_client = utf8 */;
CREATE TABLE `t_warehouse` (
  `id` varchar(128) COLLATE utf8_unicode_ci NOT NULL,
  `organization` varchar(128) COLLATE utf8_unicode_ci DEFAULT NULL,
  `code` varchar(128) COLLATE utf8_unicode_ci DEFAULT NULL,
  `name` varchar(128) COLLATE utf8_unicode_ci DEFAULT NULL,
  `drug_store` bit(1) DEFAULT NULL,
  `sell_store` bit(1) DEFAULT NULL,
  `remark` longtext COLLATE utf8_unicode_ci,
  `create_date` datetime NOT NULL DEFAULT CURRENT_TIMESTAMP COMMENT '创建时间',
  `create_user_id` varchar(128) COLLATE utf8_unicode_ci DEFAULT NULL,
  `update_date` datetime NOT NULL DEFAULT CURRENT_TIMESTAMP COMMENT '更新时间',
  `update_user_id` varchar(128) COLLATE utf8_unicode_ci DEFAULT NULL,
  `status` varchar(128) COLLATE utf8_unicode_ci DEFAULT NULL,
  PRIMARY KEY (`id`)
) ENGINE=InnoDB DEFAULT CHARSET=utf8 COLLATE=utf8_unicode_ci;
/*!40101 SET character_set_client = @saved_cs_client */;

--
-- Dumping data for table `t_warehouse`
--

LOCK TABLES `t_warehouse` WRITE;
/*!40000 ALTER TABLE `t_warehouse` DISABLE KEYS */;
INSERT INTO `t_warehouse` VALUES ('402881ce59548b9101595493d01d0003','ff8080815f0a1cda015f0a23d41e0002','CK00041','化验室','','\0',NULL,'2016-12-31 19:11:30','fc5db3b3-4063-4a12-a511-880ba19e4b58','2016-12-31 19:11:30','fc5db3b3-4063-4a12-a511-880ba19e4b58','SM00001'),('402881ce59548b91015954941d6a0004','ff8080815f0a1cda015f0a23d41e0002','CK00042','手术室','','\0',NULL,'2016-12-31 19:11:50','fc5db3b3-4063-4a12-a511-880ba19e4b58','2016-12-31 19:11:50','fc5db3b3-4063-4a12-a511-880ba19e4b58','SM00001'),('402881ce59548b910159549515f30005','ff8080815f0a1cda015f0a23d41e0002','CK00043','商品大厅','\0','',NULL,'2016-12-31 19:12:53','fc5db3b3-4063-4a12-a511-880ba19e4b58','2016-12-31 19:12:53','fc5db3b3-4063-4a12-a511-880ba19e4b58','SM00001'),('556cecbb-9824-11e6-adb2-4ccc6a1bc949','ff8080815f0a1cda015f0a23d41e0002','CK00003','后备仓库','\0','\0',NULL,'2016-10-22 14:54:11','fc5db3b3-4063-4a12-a511-880ba19e4b58','2016-10-22 14:54:11','fc5db3b3-4063-4a12-a511-880ba19e4b58','OK'),('5574bbac-9824-11e6-adb2-4ccc6a1bc949','ff8080815f0a1cda015f0a23d41e0002','CKBH0000001','医院药房','','',NULL,'2016-10-22 14:54:11','fc5db3b3-4063-4a12-a511-880ba19e4b58','2016-10-22 14:54:11','fc5db3b3-4063-4a12-a511-880ba19e4b58','OK');
/*!40000 ALTER TABLE `t_warehouse` ENABLE KEYS */;
UNLOCK TABLES;
/*!40103 SET TIME_ZONE=@OLD_TIME_ZONE */;

/*!40101 SET SQL_MODE=@OLD_SQL_MODE */;
/*!40014 SET FOREIGN_KEY_CHECKS=@OLD_FOREIGN_KEY_CHECKS */;
/*!40014 SET UNIQUE_CHECKS=@OLD_UNIQUE_CHECKS */;
/*!40101 SET CHARACTER_SET_CLIENT=@OLD_CHARACTER_SET_CLIENT */;
/*!40101 SET CHARACTER_SET_RESULTS=@OLD_CHARACTER_SET_RESULTS */;
/*!40101 SET COLLATION_CONNECTION=@OLD_COLLATION_CONNECTION */;
/*!40111 SET SQL_NOTES=@OLD_SQL_NOTES */;

-- Dump completed on 2017-10-17 16:20:41
